"","Row.names","baseMean","log2FoldChange","lfcSE","stat","pvalue","padj","hgnc_symbol","SRR17283204","SRR17283205","SRR17283206","SRR17283207","SRR17283208","SRR17283209","SRR17283210","SRR17283211","SRR17283212","SRR17283213","SRR17283214","SRR17283215","SRR17283216","SRR17283217","SRR17283218","SRR17283219","SRR17283220","SRR17283221","SRR17283222","SRR17283223","SRR17283224","SRR17283225","SRR17283227","SRR17283228","SRR17283229","SRR17283230","SRR17283231","SRR17283232","SRR17283235","SRR17283236","SRR17283237","SRR17283238","SRR17283239","SRR17283240","SRR17283241","SRR17283243","SRR17283244","SRR17283245","SRR17283246","SRR17283247","SRR17283248","SRR17283249","SRR17283251","SRR17283252","SRR17283253","SRR17283254","SRR17283255","SRR17283256","SRR17283280","SRR17283281","SRR17283282","SRR17283283","SRR17283284","SRR17283285","SRR17283286","SRR17283287","SRR17283288","SRR17283289","SRR17283290","SRR17283291","SRR17283292","SRR17283293","SRR17283294","SRR17283295","SRR17283296","SRR17283297","SRR17283298","SRR17283299","SRR17283300","SRR17283301","SRR17283302","SRR17283303","SRR17283304","SRR17283305","SRR17283306","SRR17283307","SRR17283308","SRR17283310"
"1","ENSG00000165617",68.9093164483484,1.12504718861079,0.194345446622987,5.78890428440693,7.08470523192553e-09,0.00015640903740522,"DACT1",93.6362457633946,118.511616574004,71.9674724584458,42.9727340333134,47.4262229995396,101.227841560944,18.8397937037225,10.5921859092223,64.4139361652841,67.2280430279392,20.4579521094189,0,55.6161958912962,52.0464800549357,181.150274426381,106.798626345973,0,41.5447558457413,263.218670006865,29.410937747713,60.4747233098359,50.447058184971,41.4571196717891,44.2839565718746,44.1837938665104,13.5831163035718,106.425266097229,29.0369388044565,149.798291395983,93.7375356160568,31.1179701706798,77.2815518246461,115.811032288132,42.5653641016026,59.9197316127711,87.4451638516987,117.94431609714,74.3214811947992,42.0080481728126,94.6034038253738,35.7389162050211,47.8333288740292,72.290489537377,43.2481957567228,15.5190273574767,40.1779282856355,66.0449325671891,41.5354797517236,31.1701061597566,33.7487240495392,41.7334387390679,61.4680013959303,53.2473841546556,84.9593044151084,65.3078206870186,183.245207219819,53.3937138190269,45.580311443254,44.0382834349719,33.7285425062429,26.4834619298657,151.960609837059,88.2149098532495,36.0735774163375,25.9464456802632,36.8898887575136,95.7304640729741,63.2917049066339,117.342134252004,182.869537859982,30.484023506569,231.033378756301,19.925801206967,75.8598852425792,43.6839355452283,236.68379747038,34.3650848968036,20.5730578348323
"2","ENSG00000120833",222.259738860686,0.716645262475088,0.131254790963906,5.45995507830385,4.76255070972341e-08,0.000219180765539523,"SOCS2",274.768655600781,374.527095967845,225.03261910514,155.362961505056,218.160625797882,264.37174155237,96.5539427315779,67.5251851712919,190.612668244208,223.759008884037,114.79184239174,174.352163231559,122.137528231866,184.305770547478,222.088189550987,258.704747049252,114.554072755914,184.643359314406,682.908750433757,119.277691976836,212.025837146533,183.443847945349,183.711942074987,218.467519087915,225.521447860314,113.758599042414,320.723761095732,116.147755217826,392.457967051013,355.495182242027,81.9439881161234,264.704527903315,352.48834033729,212.066724720485,252.943599861545,263.621449847033,255.890884631807,348.739257914058,255.382261114083,302.965446134978,146.063396663999,222.159238548269,253.452198257551,168.317302404543,144.677384074541,129.056375705375,225.286603312523,124.606439255171,219.749248426284,300.803844789371,153.840911430289,314.169784912532,132.259631609951,347.067796759592,165.190369973047,618.17660266927,142.383236850738,121.302441744144,304.598127091889,286.692611303064,90.2599620875016,498.928691683448,258.298333167428,158.6092213385,59.4037045837605,208.359556871142,287.191392218922,159.108313723621,243.525114235324,305.911387407747,104.004315493,170.76380168944,125.894834898564,198.680651825803,188.868780151428,325.440221521772,178.155834859745,74.0630082053964
"3","ENSG00000167914",15.8763575942023,1.54779639559236,0.276260190172015,5.60267621125076,2.11067283079194e-08,0.000219180765539523,"GSDMA",3.07004084470146,9.11627819800029,22.5569689795129,4.40745990085265,12.0721294907919,21.6214807217551,10.9898796605048,5.29609295461113,63.099366039462,7.02382539097872,4.54621157987087,0,15.2671910289833,11.6339190711033,4.09379151246059,11.9402190945809,5.4549558455197,81.9354906957676,10.4922520106723,0,1.45722224842978,9.17219239726745,9.75461639336213,16.2374507430207,3.6819828222092,3.39577907589295,86.8777682426363,21.2465405886267,8.81166419976368,0,7.26085970649194,2.4340646243983,14.706162830239,0,9.14805062790398,82.3013306839517,17.9330539095067,0,12.0022994779465,11.3367715327927,32.6311843611062,8.50370291093853,77.5163080581512,12.8575717114581,13.5165722145765,62.0931618959822,8.07215842487867,0,21.8190743118296,19.0753657671309,9.00132992411268,6.82977793288114,12.0236028736319,25.3070268470536,13.0615641374037,16.5583018572126,5.93263486878076,12.4978273312148,5.76691806886536,12.2120584936397,7.02622459363785,10.3727378728368,51.7231305974089,5.15336820233394,6.14521081900971,45.0876418147389,6.24329113519396,10.548617484439,5.6259927381098,15.8035403088873,10.7590671199655,10.0449295111435,11.7743370768442,12.3852873865435,11.5633947031487,10.4097040554102,1.80868867877913,8.22922313393294
"4","ENSG00000187627",25.4455262873958,1.40746487955628,0.258127535567041,5.45259488285291,4.96400701045257e-08,0.000219180765539523,"RGPD1",64.4708577387307,129.906964321504,46.725150028991,6.61118985127898,12.9344244544199,70.761209634835,16.4848194907572,10.5921859092223,40.7516739004859,27.0918979366322,38.6427984289024,0,23.9913001884023,33.0648226231356,41.9613630027211,50.4142583993414,10.9099116910394,5.77010497857518,51.0927054432737,1.63394098598405,13.115000235868,0,0,19.9277804573436,10.1254527610753,8.48944768973239,11.5837024323515,9.91505227469248,70.4933135981095,96.390484737266,38.3788298771717,31.6428401171779,92.3730852774385,10.6413410254007,28.8163594778975,10.287666335494,32.4174436056467,5.71703701498456,17.3366548014782,10.9458483764895,6.21546368782975,25.5111087328156,10.4516370415485,2.33774031117421,8.00982057160089,17.0451816969363,4.40299550447927,0,9.35103184792699,60.1607689578743,14.7294489667298,20.4893337986434,16.0314704981759,18.0764477478954,9.21992762640263,22.0777358096168,21.093812866776,5.88133050880697,61.339037641568,23.2610637974089,3.24287288937132,3.63045825549287,30.7800225027525,17.7504904747058,9.55921682957066,49.8696644314536,19.7704219281142,16.7019776836951,45.8116551531798,31.6070806177746,17.9317785332759,80.3594360891483,10.8686188401638,23.7384674908751,2.56964326736637,35.0642662919081,2.7130330181687,24.6876694017988
"5","ENSG00000204528",9.42916776330727,-1.9305482934766,0.35140063171249,-5.49386688370026,3.93226937256428e-08,0.000219180765539523,NA,0,10.635657897667,4.83363620989562,13.222379702558,16.3836043089319,6.87956204783118,19.6247851080443,140.346463297195,1.31457012582213,8.0272290182614,68.1931736980631,21.7940204039449,2.18102728985475,1.22462306011613,7.16413514680604,7.29680055779942,60.0045143007167,6.92412597429022,0,1.63394098598405,7.2861112421489,18.3443847945349,3.25153879778738,5.90452754291661,0.9204957055523,18.6767849174113,2.89592560808788,4.95752613734624,1.35564064611749,0,0,3.04258078049788,6.43394623822955,3.04038315011447,10.0628556906944,3.85787487581023,8.27679411208,11.4340740299691,3.33397207720735,6.64569365715436,0,0,3.48387901384949,14.0264418670452,31.0380547149534,4.87005191341037,3.66916292039939,0,6.23402123195133,1.46733582824084,4.90981632224328,9.10637057717485,13.7412604270079,0,5.37829111540153,2.20777358096168,6.59181652086752,2.94066525440348,3.66985695291432,2.32610637974089,8.10718222342829,3.63045825549287,1.58659909808003,6.87115760311191,9.55921682957066,0.683146088102105,4.16219409012931,4.39525728518291,3.2148529932056,2.25764861555533,34.0703792132242,0,2.71715471004096,2.06421456442392,5.13928653473274,7.12242909054383,2.7130330181687,4.11461156696647
"6","ENSG00000211950",112.198163890353,-1.83333514509495,0.338405904413407,-5.41756252235862,6.04170253940377e-08,0.000222304444937362,"IGHV1-24",4.60506126705219,26.5891447441675,64.4484827986082,13.222379702558,378.547489032689,11.7935349391392,25.9047163426185,127.106230910667,60.4702257878178,33.1123197003283,21.5945050043866,626.578086613416,101.417768978246,9.18467295087101,60.3834248087937,23.2170926839072,51.8220805324371,50.7769238114616,57.9354784937122,753.246794538649,74.3183346699188,0,31.7025032784269,151.303518287238,86.5265963219162,1446.6018863304,59.3664749658015,29.0369388044565,96.9283061974005,15.9176947272549,10.3726567235599,26.1661947122817,40.9015153716021,15.962011538101,26.9867493523168,12.8595829193674,24.1406494935667,28.5851850749228,30.6725431103076,54.3383187261444,32.6311843611062,36.1407373714888,86.226005592775,22.208532956155,66.5816335014324,30.4378244588148,38.1592943721537,41.5354797517236,52.9891804715863,48.4220823319476,67.9191257910321,36.4254823086994,23.4746532294718,3.61528954957908,55.3195657584158,27.597169762021,64.5998019045016,194.08390679063,35.12577369218,30.2393829366315,142.686407132338,165.445169071746,79.3299549040013,38.9365597509675,226.689999101247,57.3842714005768,12.4865822703879,309.426112876877,113.323568010497,21.4476618477757,358.635570665518,190.853660711727,121.366243715163,401.489732780453,66.8107249515256,33.968507970286,623.997594178801,28.8022809687653
"7","ENSG00000215030",2069.77539146051,1.18124598871595,0.225386845746944,5.24097129449255,1.5973356512091e-07,0.000503776845310619,"RPL13P12",756.76506821891,737.65884418819,630.520990046384,1269.34845144556,954.560524736189,691.887383096164,492.189610509751,2146.24166985616,2433.26930289675,4136.02975165919,2220.82435676692,3846.64460129627,3546.35037330383,2350.05165236286,6001.49835726723,593.694227202771,878.247891128671,1047.85106410925,1494.00544934573,584.950872982291,818.230292493321,2847.96573935154,1212.82397157469,1025.91166058176,1241.74870679005,774.237629303594,3154.38696860972,478.755381263722,809.317465732141,485.489689181275,1812.10312960592,1495.12419553666,3736.28449405759,747.934254928161,3787.75036248364,2348.1598410765,726.28868333502,1166.27555105685,8271.58472355144,663.787519402829,786.256156510463,9547.53244325624,999.002307221342,1062.50297142868,510.125447653832,942.355045244906,815.288000912745,602.264456399992,2965.83560110084,6993.32255739582,2466.36439920688,1935.10374764966,563.964230025116,2724.12067560784,660.761479892188,4227.88640754162,515.48005193184,454.332781805338,2834.70236348682,1979.51652915949,410.763899320367,2668.9054546809,3407.06290321705,1938.81163701141,383.051474384939,4883.12823775384,1493.18712983389,981.021426052825,3181.90075002524,6262.71725955049,751.34152054426,3264.60209112165,3546.79261484013,888.644369984499,1052.26891798653,5267.85813119838,637.562759269645,2419.39160137628
"8","ENSG00000275895",56.9962676796739,-1.71457319983678,0.332579258251574,-5.15538223535221,2.53114076385885e-07,0.000698499933046398,"LOC102724594",39.910530981119,58.4961184371685,41.8915138190953,25.3428944299028,692.422855793279,11.7935349391392,10.9898796605048,52.9609295461113,15.7748415098655,55.1871995005471,23.8676107943221,43.5880408078898,343.511798152123,7.34773836069681,71.6413514680604,7.96014606305391,504.583415710572,19.6183569271556,28.7396468118415,491.8162367812,46.631111949753,41.2748657877035,12.1932704917027,19.189714514479,38.6608196331966,10.1873372276789,5.79185121617575,8.49861623545069,35.2466567990547,22.992225717146,44.6024239113076,29.2087754927796,23.4379470106933,22.8028736258586,25.6145417581312,28.2910824226084,6.20759558406,22.8681480599382,14.0026827242709,50.4290871631125,8.5462625707659,10.6296286386732,17.4193950692475,25.7151434229163,11.0135032859512,20.6977206319941,32.2886336995147,0,12.4680424639027,41.0854031907434,20.457568009347,607.850236026421,222.150376903294,36.1528954957908,59.1612022694169,15.4544150667318,27.6856293876436,49.9913093248592,27.7860597863513,12.2120584936397,201.598597955917,22.8200233202409,26.6548648477444,12.5971222723718,16.3872288506926,41.6719113742284,29.1353586309052,29.0086980822072,20.092831207535,144.489511395541,12.5522449732931,20.0898590222871,13.5857735502048,25.802682055299,2.56964326736637,26.2981997189311,60.591070739101,8.22922313393294
"9","ENSG00000185304",102.252885280548,1.1631782670371,0.228806288956313,5.08368136357998,3.70188763283143e-07,0.00090807303633355,"RGPD2",282.443757712535,382.883684316012,54.2441396888286,17.6298396034106,43.1147481813997,206.386861434935,33.7546303858362,123.134161194709,181.410677363453,186.633074674578,180.711910299867,103.521596918738,115.594446362302,72.86507207691,103.36823568963,269.318275133324,27.2747792275985,60.0090917771819,94.4302680960505,9.80364591590432,45.1738897013232,91.7219239726745,8.12884699446844,62.735605143489,46.024785277615,79.8008082834844,113.665080117449,50.2834793930833,158.609955595746,492.564220171166,262.428215106066,53.5494217367626,70.773408620525,31.924023076202,68.1529771778847,97.7328301871926,213.12744838606,11.4340740299691,38.6740760956053,75.4481691665171,33.4081173220849,32.9518487798868,63.5807920027532,22.208532956155,24.0294617148027,202.10715440653,49.9006157174317,0,24.9360849278053,139.396903682879,50.7347686631806,127.489188080448,41.2237812810237,77.7287253159503,90.6626216596258,61.817660266927,49.4386239065064,19.8494904672235,306.170922928852,53.5004467340404,27.5644195596562,109.432384558428,257.34637370858,64.1308042957112,64.1833129985459,274.624727417046,142.555147586929,75.598425305146,127.790406479923,129.814795394432,93.2452483730346,20.0898590222871,156.689254945695,82.052528935851,29.5508975747132,132.038877755466,39.791150933141,57.6045619375305
"10","ENSG00000167034",129.475651679357,1.50167902001371,0.299511621378542,5.01375877537583,5.33768977308763e-07,0.00117840177120456,"NKX3-1",21.4902859129102,382.883684316012,55.8553517587938,67.213763488003,81.0557265810314,232.922315047998,36.1096045988015,10.5921859092223,24.9768323906204,20.0680725456535,10.2289760547095,10.8970102019724,16.3577046739106,50.2095454647615,51.1723939057574,161.192957776842,49.0946026096773,175.411191348685,192.966200022364,55.5539935234578,30.6016672170254,55.0331543836047,30.8896185789801,59.7833413720307,23.0123926388075,32.2599012209831,26.0633304727909,282.578989828736,233.170191132208,33.6040222019826,25.9316418088998,23.1236139317839,333.186501622602,10.6413410254007,203.086723939468,28.2910824226084,248.993556205073,40.0192591048919,150.695537889772,51.2109334757189,606.0077095634,273.1814560139,324.871718041465,93.5096124469682,44.5546269295299,213.064771211704,316.281843738428,228.44513863448,162.863804684728,27.8793807365759,496.709751266945,305.063414335358,150.008759661503,213.302083425166,91.430948961826,99.3498111432756,122.607787288136,22.790155721627,46.1353445509229,17.4457978480566,24.3215466702849,167.519716646314,149.457635039138,10.3067364046679,31.4088552971607,94.2741601580904,339.218818345539,115.155740871792,575.458685783802,51.9259181577726,25.1044899465862,713.189995291191,28.0772653370899,116.628122889952,14.133037970515,56.9794327243507,36.1737735755827,65.8337850714635
"11","ENSG00000224515",5.08210842136338,-3.07290055982827,0.632989628365988,-4.85458279586779,1.20640458133455e-06,0.00242125399473845,NA,1.53502042235073,0,47.7992914089678,0,20.6950791270718,0.982794578261597,0,6.62011619326391,2.62914025164425,0,1.13655289496772,0,0,0,0,1.32669101050899,0,1.15402099571504,0.912369740058459,3.26788197196811,22.5869448506616,41.2748657877035,0,2.9522637714583,21.1714012277029,40.7493489107155,1.44796280404394,0,0,0.884316373736385,3.11179701706798,17.0384523707881,0,0.760095787528619,0.914805062790398,1.28595829193674,2.06919852802,5.71703701498456,0,41.0469314118357,0,0,0.870969753462373,0,0.500613785725056,2.43502595670518,0,0,3.89626326996958,2.93467165648167,0,0,0.572552517791996,5.42293432436862,0,1.10388679048084,0,0,0,0,0.540478814895219,0.518636893641838,1.26927927846402,0,4.09680721267314,1.36629217620421,2.08109704506465,0,2.4111397449042,0,75.3134698397587,0,0,0,0,0,0,0
"12","ENSG00000177519",8.19287592656941,3.24470593635136,0.672269489711825,4.82649590083619,1.38956252654802e-06,0.00255644765821672,"RPRM",0,3.03875939933343,1.0741413799768,2.20372995042633,0,29.4838373478479,0,0,2.62914025164425,0,0,0,0,4.89849224046454,133.048224154969,23.8804381891617,0,2.30804199143007,13.6855461008769,0,3.64305562107445,0,0,0,3.6819828222092,0,0,0,10.8451251689399,3.53726549494554,0,16.4299362146885,0,0,0,2.57191658387349,16.55358822416,0,0,0.781846312606395,0,0,7.83872778116136,0,1.00122757145011,7.30507787011555,0,0,2.33775796198175,5.86934331296334,16.3660544074776,9.10637057717485,0,10.8458686487372,0,7.72720753336588,2.63672660834701,5.88133050880697,19.3978153225471,1.16305318987044,1.08095762979044,12.4472854474041,1.90391891769603,0,0,3.41573044051052,8.32438818025862,0,1.6074264966028,130.943619702209,0,0,0,0,0,105.740678036535,1.80868867877913,0
"13","ENSG00000143552",14.7100266870042,1.75108122025982,0.367092380730762,4.77013774236879,1.84099987412204e-06,0.00312644263238402,"NUP210L",3.07004084470146,3.79844924916679,5.37070689988402,4.40745990085265,6.89835970902395,109.090198187037,1.56998280864354,3.97206971595835,5.2582805032885,3.01021088184803,2.27310578993544,5.44850510098622,8.72410915941901,3.06155765029034,3.07034363434544,134.659137566662,5.4549558455197,2.30804199143007,3.64947896023384,0,5.10027786950423,22.9304809931686,3.25153879778738,4.42839565718746,3.6819828222092,3.39577907589295,1.44796280404394,2.83287207848356,7.45602355364619,2.65294912120916,10.3726567235599,2.4340646243983,90.9943825121036,1.52019157505724,5.94623290813759,2.57191658387349,89.6652695475334,0,5.33435532353176,6.64569365715436,6.21546368782975,3.18888859160195,3.48387901384949,7.01322093352262,5.50675164297561,6.08756489176296,8.07215842487867,0,12.4680424639027,29.3467165648167,13.911146246356,13.6595558657623,7.44318273129595,19.884092522685,16.1348733462046,24.2855093905785,23.0713578230363,20.5846567808244,2.09706111595104,6.39679254428744,4.32383051916175,2.59318446820919,3.80783783539206,6.29856113618592,5.46240961689752,4.78202261671473,9.36493670279095,4.39525728518291,114.127281258799,2.25764861555533,3.58635570665518,140.62901315601,7.24574589344256,4.64448276995383,3.85446490104955,1.64363748243319,11.7564764120644,0
"14","ENSG00000135643",29.413597075893,0.743730230945975,0.156589410394626,4.74955636573174,2.03863371372148e-06,0.00321477974984494,"KCNMB4",41.4455514034698,31.1472838431676,23.6311103594897,26.4447594051159,54.3245827085636,27.5182481913247,10.9898796605048,5.29609295461113,13.1457012582213,26.0884943093495,6.81931736980631,21.7940204039449,15.2671910289833,7.96004989075487,56.2896332963331,24.5437836944162,16.3648675365591,56.5470287900368,40.1442685625722,26.1430557757449,15.3008336085127,9.17219239726745,30.0767338795332,39.8555609146871,17.4894184054937,3.39577907589295,28.9592560808788,19.1218865297641,45.4139616449359,29.1824403333007,6.22359403413595,40.162066302572,45.0376236676068,25.843256775973,27.9015544151071,10.287666335494,28.96877939228,22.8681480599382,50.0095811581102,31.664775660559,42.7313128538295,38.2666630992234,60.0969129889038,22.208532956155,15.5190273574767,46.2654931773985,41.8284572925531,0,26.4945902357931,36.6833957060209,29.4588979334597,31.872297020112,22.3295481938878,48.8064089193176,20.7448371594059,112.596452629046,25.0489027792966,19.8494904672235,34.6015084131922,23.2610637974089,18.9167585213327,51.345052470542,33.3185810596806,18.8956834085578,14.338825244356,44.4044957266368,22.8920674957112,17.5810291407316,34.5596696769602,27.091783386664,17.9317785332759,60.2695770668612,39.8516024139341,33.0274330307828,20.557146138931,39.9951787392077,25.3216415029079,16.4584462678659
"15","ENSG00000246985",61.0799013734368,0.634567126444714,0.139849340465467,4.53750532060183,5.69235947382717e-06,0.00837801467357883,"SOCS2-AS1",79.821061962238,85.8449530311694,41.8915138190953,49.5839238845924,45.7016330722836,60.933263852219,40.8195530247321,30.452534489014,46.0099544037744,77.262079300766,18.1848463194835,65.3820612118347,55.6161958912962,33.6771341531937,54.2427375401028,37.8106937995061,54.549558455197,71.5493017343322,116.783326727483,31.044878733697,48.8169453223976,151.341174554913,63.4050065568539,29.522637714583,54.3092466275857,42.4472384486619,70.950177398153,43.2012991968744,134.208423965631,72.5139426463836,38.3788298771717,38.3365178342733,93.2922204543284,27.3634483510303,41.1662278255679,51.4383316774698,60.6964901552534,45.7362961198765,56.677525312525,62.1567818522084,35.7389162050211,58.4629575127024,97.5486123877858,63.1189884017036,47.5583096438803,45.0479801990459,47.6991179651921,83.0709595034472,51.4306751635984,129.125552885194,61.372704028041,145.701929234798,46.3767539411517,61.4599223428444,40.7213470166116,219.673471305687,42.1876257335521,34.5528167392409,62.9118334785312,63.9679254428744,21.6191525958088,119.286485537623,53.6270495151049,44.0899279533014,17.7528312549169,66.2651705459041,53.0679746491487,54.5011903362681,64.297059864112,86.9194716988803,50.2089798931725,90.4043656002918,67.928867751024,30.4471648252529,51.3928653473274,74.5115658703047,48.8345943270366,8.22922313393294
"16","ENSG00000156510",132.100370994864,0.662497804260033,0.148079806824621,4.47392401750407,7.67970414142202e-06,0.00997322519589259,"HKDC1",139.686858433917,116.232547024504,111.173632827599,187.317045786238,110.373755344383,119.900938547915,104.403856774796,51.6369063074585,163.006695601944,44.1497596004377,102.289760547095,49.036545908876,27.2628411231844,140.831651913355,298.846780409623,87.561606693593,103.644161064874,122.326225545794,249.989308776018,94.7685771870751,71.4038901730592,82.549731575407,237.362332238479,109.233759543957,115.98245889959,52.6345756763408,188.959145927734,82.8615082956443,146.409189780689,87.5473209999021,23.8571104641878,58.4175509855593,203.588441681121,109.453793404121,189.364647997612,177.462244287271,111.73672051308,211.530369554429,259.383027606732,69.1933986656659,93.2319553174462,226.411090003738,176.806859952862,199.876796605395,107.131350145162,166.799278034305,174.652155011011,228.44513863448,84.9385392853368,61.6281047861151,79.3753638762664,161.638077744854,84.1652201154234,204.263859551218,90.6626216596258,194.284075124628,66.5773468607619,85.279292377701,77.5912612901885,62.8048722530039,163.224602098356,270.209821587398,126.29328820717,53.2514714241173,82.618945455575,82.6606766603547,134.23075940667,114.276689414756,235.48798175231,300.267265868859,102.211137639673,120.539154133722,184.766520282785,122.304712942117,151.608952774616,273.939580405532,67.8258254542175,78.1776197723629
"17","ENSG00000211796",69.4911638532871,1.01975595029656,0.227579928994932,4.48086944573778,7.43395767562919e-06,0.00997322519589259,"TRAV16",13.8151838011566,28.1085244438342,75.1898965983763,78.2324132401346,76.7442517628914,54.0537018043878,37.679587407445,17.2123021024862,46.0099544037744,27.0918979366322,21.5945050043866,38.1395357069036,17.448218318838,14.6954767213936,72.6647993461755,40.464075820524,32.7297350731182,91.1676586614878,87.5874950456121,11.4375869018884,41.5308340802487,0,79.6627005457907,56.8310776005724,94.8110576718869,20.3746744553577,70.950177398153,60.9067496873966,67.1042119828157,19.4549602222005,13.4844537406279,90.0603911027372,63.8798947938505,48.6461304018316,64.9511594581183,48.8664150935963,46.9018333017867,5.71703701498456,89.350451669157,63.329551321118,69.9239664880847,85.0370291093853,87.9679450996997,85.3275213578585,42.0515580009047,57.2231099825718,44.7637876288726,20.7677398758618,34.2871167757323,66.0301122708376,33.5504115353291,371.084601019875,46.9493064589437,289.223163966327,24.586473670407,285.906678734538,51.4161688627666,38.9638146208462,42.4654875980086,133.751116835101,30.2668136341323,313.25668375967,81.8685134609294,79.018312435787,20.4840360633657,91.541575805682,319.448396417424,52.7430874221949,90.8195970580582,100.465363392212,21.5181342399311,60.2695770668612,66.1174312776633,52.6374713928101,77.0892980209911,68.484895101383,25.3216415029079,28.8022809687653
"18","ENSG00000280022",9.25915039312493,1.49082667591024,0.340515405601027,4.37814751223622,1.19692330575942e-05,0.0146802643451393,NA,3.07004084470146,9.11627819800029,10.741413799768,6.61118985127898,1.72458992725599,12.7763295174008,1.56998280864354,2.64804647730557,2.62914025164425,2.00680725456535,5.68276447483859,10.8970102019724,0,14.0831651913355,4.09379151246059,16.5836376313623,16.3648675365591,2.30804199143007,6.38658818040921,8.16970492992027,4.37166674528934,9.17219239726745,5.69019289612791,5.16646160005203,1.8409914111046,3.39577907589295,2.17194420606591,1.41643603924178,9.48948452282243,33.6040222019826,1.03726567235599,0,1.83827035377987,4.56057472517171,23.7849316325504,3.85787487581023,10.3459926401,0,10.001916231622,11.7276946890959,1.55386592195744,13.8185172302751,3.48387901384949,4.67548062234841,2.00245514290022,1.21751297835259,2.20149775223964,0,3.11701061597566,51.3567539884292,13.0928435259821,91.0637057717485,0.572552517791996,75.9210805411607,3.07330920880088,50.7787923621186,2.63672660834701,4.41099788160523,9.96104030076745,3.48915956961133,8.64766103832351,8.29819029826941,1.90391891769603,2.29038586770397,16.3872288506926,8.88089914532736,21.8515189731789,2.63715437110975,1.6074264966028,2.25764861555533,3.58635570665518,0,2.71715471004096,4.12842912884785,0,2.19151664324426,7.23475471511654,8.22922313393294
"19","ENSG00000049247",10.3061803576455,1.3193773141295,0.305442005404357,4.31956735087192,1.56335392263354e-05,0.0172570822749903,"UTS2",9.21012253410439,12.1550375973337,8.05606034982603,7.71305482649215,17.2458992725599,69.7784150565734,3.13996561728709,2.64804647730557,10.516561006577,8.0272290182614,3.40965868490315,0,7.63359551449163,3.6738691803484,1.02344787811515,84.2448791673206,0,12.6942309528654,6.38658818040921,1.63394098598405,8.01472236636379,0,5.69019289612791,10.3329232001041,1.8409914111046,13.5831163035718,8.68777682426363,4.24930811772535,13.5564064611749,2.65294912120916,2.07453134471198,8.51922618539406,6.43394623822955,3.04038315011447,4.11662278255679,12.8595829193674,85.5268724914934,17.1511110449537,8.00153298529764,5.47292418824476,8.5462625707659,8.50370291093853,7.83872778116136,5.84435077793552,5.50675164297561,4.87005191341037,5.13682808855915,0,77.1460127453977,8.80401496944501,5.72811904261716,13.6595558657623,8.58828776687994,3.61528954957908,1.53665460440044,11.0388679048084,3.95508991252051,11.7626610176139,6.29118334785313,5.81526594935222,4.32383051916175,12.965922341046,11.1061936865602,4.00817526848195,0,6.14831479291894,4.16219409012931,6.15336019925607,4.8222794898084,1.12882430777767,16.1386006799483,0,15.3972100235654,5.16053641105981,10.2785730694655,3.28727496486638,3.61737735755827,0
"20","ENSG00000196421",62.8658313090193,0.950861415116632,0.219694989763173,4.32809786031826,1.50402644004206e-05,0.0172570822749903,"C20orf204",18.4202450682088,91.9224718298362,42.4285845090837,57.2969787110845,25.0065539452118,53.0709072261262,84.7790716667513,55.6089760234169,90.7053386817266,12.0408435273921,65.9200679081276,103.521596918738,20.7197592536201,23.2678381422066,106.438579323975,17.9103286418713,98.1892052193545,184.643359314406,120.432805687717,32.6788197196811,22.5869448506616,36.6887695890698,43.8957737701296,100.376968229582,39.5813153387489,22.0725639933042,155.656001434723,101.275176805787,78.6271574748144,15.9176947272549,15.5589850853399,29.8172916488792,26.1953525413632,21.2826820508013,21.9553215069696,106.73453823075,26.2098480215867,0,48.6759923272273,39.4832387866229,161.602055883573,34.0148116437541,209.03274083097,49.0925465346583,91.6123227876852,168.016791012658,35.2239640358342,41.5354797517236,60.7817070115254,27.8793807365759,38.4602278575724,113.829632214686,34.3531510675197,75.9210805411607,43.0263289232123,218.569584515206,23.7305394751231,42.6396461888505,26.213263949388,30.2393829366315,28.1048983745514,186.19064481742,29.1934234046725,30.9202092140036,36.8712649140583,44.4044957266368,89.4871729377802,116.913843785865,42.5968021599742,151.262457242207,8.96588926663794,80.3594360891483,26.2658288637293,61.9264369327177,21.8419677726141,122.177052860867,26.2259858422974,16.4584462678659
"21","ENSG00000198929",4.86210842268352,-1.3395414793649,0.311288884710231,-4.30321012140164,1.68341057457383e-05,0.0176974548832698,"NOS1AP",3.07004084470146,6.07751879866686,8.05606034982603,4.40745990085265,5.17376978176796,5.89676746956958,19.6247851080443,5.29609295461113,9.20199088075488,2.00680725456535,23.8676107943221,0,2.18102728985475,6.12311530058067,0,3.31672752627246,5.4549558455197,0,1.36855461008769,16.3394098598405,7.2861112421489,18.3443847945349,0,5.16646160005203,1.8409914111046,5.09366861383943,2.89592560808788,2.12465405886267,1.35564064611749,5.30589824241831,10.3726567235599,7.30219387319491,0.459567588444968,1.52019157505724,1.3722075941856,0,2.06919852802,22.8681480599382,0,2.34553893781918,0,0,0,2.33774031117421,6.00736542870067,3.65253893505778,8.80599100895854,0,0,8.80401496944501,8.1830272037388,4.55318528858743,3.43531510675197,3.61528954957908,7.68327302200219,0,3.95508991252051,7.35166313600871,10.4853055797552,9.30442551896355,6.48574577874263,0,1.26927927846402,4.58077173540794,3.41400601056095,1.36629217620421,5.20274261266164,2.63715437110975,0,3.386472923333,7.17271141331036,0,2.71715471004096,3.09632184663589,2.56964326736637,1.09575832162213,12.6608207514539,8.22922313393294
"22","ENSG00000167207",1989.12671010881,-0.548049980731398,0.129885889560291,-4.21947282023272,2.44874240799501e-05,0.0245731300642299,"NOD2",1756.06336316924,905.550301001362,1618.73105962504,1888.59656751536,1535.74733022146,1752.32273304043,4534.11035136255,4897.56195977664,1622.1795352645,1625.51387619793,4620.08751804377,2816.87713720988,1914.94196049247,2228.20165788131,1525.96078626969,2664.6588946073,3117.50726571451,1239.41854939795,853.065706954659,3374.08813605707,1793.84058781706,1733.54436308355,1155.92204261341,3026.07036574476,1861.24231662675,1322.65595006031,1333.57374252447,2051.70760284172,1016.05266426506,2344.32270677516,1816.25219229534,1684.98123623972,3210.0796052881,1612.1631653482,1621.49197379598,1426.12774575785,1838.13802572443,1795.14962270515,1113.54667378725,1214.98916979034,1638.55161470412,1040.6406437261,1106.13158689721,2012.79440792099,3783.13837872425,1261.34344557328,1333.37380527314,1412.2063115586,2142.94479848327,1251.63746148943,2057.21303901993,771.764906415569,2975.555434965,883.938294872086,3214.68143240572,954.862073765926,3304.47762191089,3649.36558071472,1773.06517353661,1553.83906166691,1968.96432266328,976.593270727581,2469.38283625175,1955.41693455227,1888.62812504232,2793.38435424951,888.628438242608,3074.04294525693,2490.70735648604,1170.59080716544,1246.25860806267,2862.80491067591,1367.63453738728,2763.46724812253,1400.45558071467,1085.89649672753,3452.78668778937,1711.67841185805
"23","ENSG00000135953",368.013961085603,-0.523684037451577,0.125545544085394,-4.17126741746704,3.02910128716373e-05,0.0247679515247088,"MFSD9",270.163594333729,332.74415422701,271.757769134131,255.632674249454,296.62946748803,241.767466252353,977.314298380605,317.765577276668,385.169046865883,237.806659665994,413.705253768249,201.59468873649,198.473483376782,439.027367051634,243.580594991405,311.109041964357,572.770363779568,188.105422301551,283.746989158181,900.301483277214,233.155559748765,265.993579520756,430.016006007381,535.097808576818,187.781123932669,344.671576203135,236.017937059162,309.491274574329,271.805949546557,382.024673454118,345.409468894545,234.887236254436,217.835036922915,899.193316646356,478.900450370774,253.333783511539,211.05824985804,348.739257914058,220.042157095685,253.709128440775,222.202826839914,350.777745076214,229.936014914067,208.058887694504,629.271528656395,283.680523956154,281.057879702594,498.425757020683,379.496042495037,424.060054361601,343.68714255703,207.169930630728,352.692350959869,316.33783558817,487.887836897139,219.673471305687,500.978055585931,672.677176944797,622.302886158472,536.74904712521,430.76161547149,285.250291503011,224.662432288132,681.389795641931,437.675570553914,204.943826430631,339.218818345539,456.227706201986,223.432283027789,247.212523403309,374.774171345466,160.718872178297,544.336660244872,490.250959050682,459.96614485858,288.732317747431,727.997193208602,362.085817893049
"24","ENSG00000211639",85.3838501329905,-1.55499019087648,0.372335041784736,-4.17631975605318,2.96263290708965e-05,0.0247679515247088,"IGLV4-60",13.8151838011566,29.6279041435009,132.119389737147,19.833569553837,44.8393381086556,28.5010427695863,29.0446819599055,140.346463297195,17.0894116356876,65.2212357733739,7.95587026477402,1710.83060170967,127.590096456503,0.612311530058067,346.948830681035,68.3245870412127,150.011285751792,5.77010497857518,52.4612600533614,326.788197196811,151.551113836697,77.9636353767733,157.699631692688,45.0220225147391,177.655671171594,88.2902559732168,109.321191705317,1.41643603924178,54.2256258446996,12.3804292323094,20.7453134471198,83.9752295417414,19.3018387146886,22.8028736258586,8.23324556511359,65.583872888774,84.83713964882,0,5.33435532353176,74.2753996976075,12.4309273756595,8.50370291093853,13.935516055398,22.208532956155,128.157129145614,3.65253893505778,59.4404393104702,0,56.1061910875619,29.3467165648167,41.7334387390679,29.5957043758183,16.0314704981759,12.6535134235268,13.0615641374037,15.4544150667318,25.7080844313833,49.9913093248592,23.5919375544492,47.103654189753,65.9384154172167,7.77955340462757,11.7408333257922,48.0981032217834,257.416053196296,12.97977567394,7.28383965772629,155.592107895475,51.4376478912896,60.956512619994,52.0021577465001,180.808731200584,42.568757123975,119.724444736588,83.513406189407,128.7516027906,186.294933914251,0
"25","ENSG00000211655",90.6094062358333,-1.01291258417575,0.241377807502384,-4.19637826135174,2.71217136424392e-05,0.0247679515247088,"IGLV1-36",4.60506126705219,28.1085244438342,70.3562603884806,29.7503543307554,212.124561052486,25.5526590348015,14.1298452777919,52.9609295461113,44.6953842779523,39.1327414640243,15.911740529548,414.086387674953,92.693659818827,40.4125609838324,121.790297495703,21.2270561681438,100.916683142114,51.9309448071766,56.5669238836245,191.171095360134,120.220835495457,174.271655548082,57.714813660726,109.233759543957,231.044422093627,434.659721714298,99.1854520770098,22.6629766278685,132.174962996455,7.07453098989108,26.9689074812558,72.4134225758495,21.5996766569135,22.0427778383299,14.6368810046464,52.7242899694065,55.1786274138667,5.71703701498456,52.6767588198761,87.9577101682194,34.1850502830636,51.0222174656312,54.8710944681295,36.2349748232002,66.5816335014324,43.8304672206933,55.0374438059909,373.819317765512,46.7551592396349,46.9547465037067,124.38201349683,177.57422625491,65.8435395460795,108.458686487372,55.3195657584158,58.5059998954845,67.8957101649354,123.507940684946,59.7662418046047,101.185627518729,44.319262821408,116.174664175772,39.0303378127686,70.4293654318971,48.4788853499655,55.3348331362705,33.2975527210345,301.514649763548,36.167096173563,58.6988640044386,186.490496746069,210.943519734014,39.8516024139341,268.863947016216,106.640195595704,73.4158075486826,132.034273550877,65.8337850714635
"26","ENSG00000211753",324.617283626117,0.801359969656353,0.191667092303644,4.18099925253115,2.90230818412766e-05,0.0247679515247088,"TRBV28",282.443757712535,209.674398554007,364.133927812136,334.966952464802,565.665496139964,232.922315047998,46.3144928549845,105.921859092223,186.668957866742,227.772623393167,100.016654757159,403.18937747298,206.107078891274,200.225870328988,629.420445040816,149.916084187515,65.4594701462364,605.861022750394,551.527507865339,135.617101836676,268.128893711079,233.89090613032,241.426755735713,232.490772002341,444.599425781761,329.390570361617,267.149137346107,222.38045816096,363.311693159487,261.75764662597,158.701647870467,446.042342420989,541.370619188172,174.822031131582,208.575554316211,182.606077455018,207.609585644673,365.890368959012,378.072433555313,460.116554968863,292.126793327998,393.296259630907,628.840161999833,315.594942008518,51.5632199296807,441.957211141991,398.471093155374,332.283838013789,171.435583878661,1043.27577387923,103.106142767109,161.638077744854,96.7613755068473,139.188647658795,242.791427495269,373.113735182524,255.103299357573,267.600538150717,382.189388382077,63.9679254428744,206.462907289974,396.238586742364,1087.13770200443,72.7197512996011,127.68382479498,1360.14386141129,155.041729857317,297.119392478365,556.169567824569,833.072339139918,240.285832345897,542.426193601751,368.62732232889,224.999387522208,217.134856092458,605.954351857037,130.225584872098,152.240627977759
"27","ENSG00000286431",42.0528183674451,0.588962509876405,0.140452904340271,4.19330958404066,2.74913850690315e-05,0.0247679515247088,NA,12.2801633788059,43.3023214405014,42.9656551990721,34.1578142316081,75.0196618356354,44.2257560217719,23.5497421296531,17.2123021024862,44.6953842779523,28.0953015639149,13.6386347396126,5.44850510098622,15.2671910289833,32.4525110930776,51.1723939057574,67.6612415359583,27.2747792275985,41.5447558457413,56.1107390135952,31.044878733697,74.3183346699188,55.0331543836047,26.8251950817459,21.4039123430727,58.9117251553472,54.3324652142873,50.6786981415378,31.1615928633192,40.6692193835247,17.6863274747277,25.9316418088998,61.4601317660571,53.7694078480612,14.4418199630438,67.2381721150943,32.1489572984186,78.62954406476,57.1703701498456,66.679441544147,40.2650850992293,31.8542514001275,91.4148062925892,32.2258808781078,38.5727151343744,33.5411236435787,30.4378244588148,22.0149775223964,0,38.1833800457019,79.2361347250051,41.7334387390679,45.5318528858743,26.9099683362238,37.9605402705804,33.0380739946094,72.8565281717354,37.5733541689448,40.4341472480479,61.339037641568,33.7285425062429,21.6191525958088,52.3823262578257,64.0986035624331,29.7750162801516,25.9464456802632,56.7011253124747,34.3381012435668,18.4600805977682,64.297059864112,69.9871070822153,50.2089798931725,100.449295111435,30.7944200471309,34.5755939541007,19.2723245052478,84.9212699257149,20.79991980596,37.0315041026982
"28","ENSG00000197093",305.35593044754,0.430687541248427,0.103992960194895,4.14150669854255,3.45031794495499e-05,0.0272045247395612,"GAL3ST4",219.507920396155,353.255780172511,428.582410610745,452.86650481261,275.07209339733,359.702815643744,240.992361126784,97.9777196603059,269.486875793536,344.167444157958,100.016654757159,130.764122423669,248.637111043442,348.40526060304,437.012243955168,275.951730185869,180.01354290215,396.983222525972,520.050751833322,199.340800290055,327.146394772486,247.649194726221,468.221586881382,208.872661830675,304.684078537811,144.320610725451,433.66485981116,271.955719534422,367.37861509784,224.616358929042,196.043212075282,280.525947961904,414.070397188916,224.228257320943,273.069311242934,273.909116182527,324.86416889914,182.945184479506,446.752258345785,381.931923708224,243.956949747318,401.799962541846,459.001060074671,391.57150212168,254.812416934053,357.948815635662,353.707305526502,332.283838013789,229.100280274211,264.12044908335,307.681822860579,327.829340778295,255.35842293523,300.069032615064,269.682883072277,426.100301125604,240.601303011664,235.98838666588,220.191417174859,237.844377328506,306.991966860484,387.940396444095,337.310968251814,223.885218568063,266.292468823754,377.779786720464,243.488354272565,283.054569165779,438.023720324263,589.246288659942,100.417959786345,472.111687023746,336.927184045079,196.616437261379,326.344694955529,476.654869905626,177.251490520355,292.137421254619
"29","ENSG00000184368",7.57895456540299,1.48302600680253,0.360270659212448,4.11642183142092,3.84799753911492e-05,0.0292938764382896,"MAP7D2",3.07004084470146,20.5116259455006,9.13020172980283,2.20372995042633,10.3475395635359,15.7247132521856,3.13996561728709,0,17.0894116356876,2.00680725456535,6.81931736980631,0,0,1.22462306011613,14.3282702936121,15.2569466208533,0,0,24.6339829815784,0,11.6577779874382,9.17219239726745,3.25153879778738,5.90452754291661,9.204957055523,3.39577907589295,12.3076838343735,0,15.5898674303511,1.76863274747277,2.07453134471198,18.8640008390868,8.73178418045438,1.52019157505724,23.7849316325504,16.7174577951777,11.0357254827733,0,14.6694771397123,10.9458483764895,1.55386592195744,6.3777771832039,0,5.84435077793552,1.00122757145011,4.87005191341037,1.46766516815976,0,11.6887898099087,10.2713507976858,4.90981632224328,9.10637057717485,3.43531510675197,23.499382072264,10.7565822308031,17.6621886476934,0,0,21.4948764384982,2.32610637974089,0,20.2268388520317,11.4235135061762,0,2.73120480844876,2.73258435240842,22.8920674957112,3.51620582814633,8.8408457313154,20.318837539998,10.7590671199655,0,0,0,0,23.5588039148757,1.80868867877913,0
"30","ENSG00000071246",509.249717579409,-0.597185716464054,0.146578621008346,-4.07416656232596,4.6179423530741e-05,0.0328871978480055,"VASH1",219.507920396155,400.356550862179,481.215338229608,888.10317002181,505.304848686004,982.794578261597,191.537902654512,472.676296199043,310.238549694022,990.359380128,360.287267704767,784.584734542016,1131.95316343462,146.342455683878,340.808143412344,984.404729797667,286.385181889784,507.769238114616,640.027372651009,687.889155099287,796.371958766875,224.718713733052,615.353717481261,902.654648123377,1024.51172027971,504.273192770104,348.235054372567,429.18011989026,1005.88535941918,171.557376504859,636.881122826579,806.892422988037,292.744553839444,471.259388267744,344.424106140585,326.633406151933,1010.45861451643,674.610367768178,220.708951511127,442.52501293522,385.358748645444,379.477742400632,398.033177332305,835.742161244779,264.324078862829,234.98000482205,532.028623457912,602.264456399992,363.910989415159,494.492174117162,455.794615248251,213.999708563609,692.215994010523,151.842161082321,484.814527688338,343.308791839541,558.326859317479,684.439837962411,366.985695291432,417.536095163489,713.432035661689,322.073510951582,401.092251994631,328.67037201552,474.546835467972,355.235965813094,224.758480866983,814.880700672911,403.464050647303,282.206076944417,254.631255172518,361.617462401167,427.499007713111,850.456400542657,731.063509565732,317.222034109606,834.70982525657,201.615966781357
"31","ENSG00000151632",13.2851876600484,1.26128184120587,0.309316558528711,4.0776408712332,4.54949656655272e-05,0.0328871978480055,"AKR1C2",10.7451429564551,12.1550375973337,15.5750500096637,8.81491980170531,1.72458992725599,3.93117831304639,5.4949398302524,0,10.516561006577,6.02042176369605,3.40965868490315,5.44850510098622,13.0861637391285,3.06155765029034,54.2427375401028,5.30676404203594,8.18243376827954,12.6942309528654,6.84277305043844,22.8751738037768,15.3008336085127,27.5165771918023,5.69019289612791,10.3329232001041,9.204957055523,0,0.723981402021969,1.41643603924178,9.48948452282243,1.76863274747277,4.14906268942397,14.6043877463898,8.27221659200942,5.32067051270033,19.2109063185984,0,2.06919852802,11.4340740299691,31.3393375257491,13.2913873143087,8.5462625707659,31.8888859160195,12.1935765484732,15.1953120226323,7.50920678587583,2.43502595670518,2.20149775223964,0,3.11701061597566,17.60802993889,10.6379353648604,9.10637057717485,14.3138129447999,19.884092522685,3.07330920880088,54.0904527335612,13.183633041735,11.0274947040131,20.9706111595104,5.233739354417,2.7023940744761,53.9382369387512,39.6649774520007,2.29038586770397,2.73120480844876,39.6224731099221,35.3786497660991,0,6.4297059864112,49.6682695422173,3.58635570665518,0,35.3230112305325,1.03210728221196,7.70892980209911,74.5115658703047,9.94778773328524,8.22922313393294
"32","ENSG00000138640",491.731469484278,0.322770902147534,0.0804051787495819,4.01430488890259,5.96212386009998e-05,0.0344179677201628,"FAM13A",506.556739375741,573.565836624185,453.8247330402,311.827787985325,355.265525014733,652.5755999657,533.794154938805,448.843877903293,481.132666050898,474.609915704705,387.564537183992,245.18272954438,388.222857594146,529.649473500228,675.475599555998,749.580420937577,291.840137735304,454.684272311724,906.439336748079,490.182295795216,522.414176062076,325.612830102994,373.114077046101,346.890993146351,467.611818420569,273.360215609383,407.601529338369,464.591020871305,545.64536006229,696.841302504271,521.744633195064,512.979119591942,558.374619960636,446.936323066828,556.658880707957,536.244607737623,624.89795546204,434.494813138826,484.759540025949,449.95255290498,400.12047490404,391.170333903172,587.904583587102,355.336527298479,395.484890722794,376.211510310951,377.189948217058,228.44513863448,449.628781354489,484.220823319476,439.428560840774,546.382234630491,531.328736510972,558.562235409968,494.802782616941,528.761772640322,458.131248200292,582.25172037189,706.709596075501,666.429477795764,541.55977252501,527.972357727391,416.006283516583,686.543163844265,648.661142006581,371.631471927545,826.195526890668,334.918605130938,455.705411786894,676.165760358822,331.737902865604,502.246475557177,349.607239358603,363.301763338611,441.978641987015,866.196953242292,517.284962130832,477.29494176811
"33","ENSG00000196565",1483.33965332315,2.01695076835369,0.503008490368149,4.009774798985,6.07766850079264e-05,0.0344179677201628,"HBG2",144.291919700969,145.860451168005,99.3580776478543,244.614024497322,540.658942194752,2000.96976134061,663.317736651897,182.715206934084,138.029863211323,219.745394374906,81.8318084376757,1765.31565271954,113.413419072447,856.011519021178,279.401270725435,3008.93521183438,1047.35152233978,377.364865598817,98.5359319263136,1127.419280329,117.306390998597,412.748657877035,519.433322946534,5.16646160005203,134.392373010636,10448.8122165226,47.78277253345,8.49861623545069,123.363298796692,56.5962479191286,127.583677699787,132.048005873608,1096.98783361814,421.093066290855,13.722075941856,12.8595829193674,2169.89952305031,85.7555552247684,11.335505062505,112.585869015321,26.4157206732764,37.2037002353561,508.646336022026,189.356965205111,578.709536298164,888.784474197392,64.5772673990293,83.0709595034472,229.100280274211,5176.76080203367,436.155349959278,21632.1833060789,241.617162508222,17438.3491423947,420.27503430352,12775.2818262348,315.088829697467,104.393616531324,3523.06267479775,109.908526442757,8.10718222342829,2165.82766784832,6.0290765727041,116.237082785977,17.0700300528047,20.4943826430631,10193.2133267267,29.8877495392438,1555.98884871151,163.679524627762,39663.3009377529,1657.41336933868,941.946966147532,78.9562070892151,427.8456040165,63.0061034932724,1667.61096183436,2226.00485772886
"34","ENSG00000211697",22.8899373713681,1.01816759894804,0.252482102372741,4.03263276636103,5.51554355660773e-05,0.0344179677201628,"TRGV5",26.0953471799624,24.3100751946674,34.9095948492461,23.1391644794764,25.0065539452118,34.3978102391559,0,21.1843718184445,3.94371037746638,37.125934209459,18.1848463194835,38.1395357069036,14.1766773840559,21.4309035520324,15.3517181717272,27.8605112206887,0,78.4734277086225,30.5643862919584,0,4.37166674528934,0,26.012310382299,2.21419782859373,10.1254527610753,22.0725639933042,7.23981402021969,53.1163514715668,23.0458909839973,30.9510730807735,12.4471880682719,5.47664540489618,28.493190483588,39.5249809514882,75.9288202116031,12.8595829193674,37.24557350436,11.4340740299691,63.3454694669396,27.3646209412238,47.3929106197018,75.4703633345795,40.0646086592692,5.84435077793552,0.500613785725056,51.1355450908089,26.4179730268756,0,9.35103184792699,29.3467165648167,13.911146246356,38.7020749529931,21.7569956760958,9.03822387394771,9.21992762640263,26.4932829715402,11.8652697375615,5.88133050880697,6.29118334785313,27.9132765568906,9.72861866811395,27.4877553630174,45.6940540247048,25.7668410116697,13.6560240422438,38.2561809337179,14.5676793154526,4.39525728518291,16.8779782143294,25.9629590788863,8.96588926663794,0,41.6630388872947,2.06421456442392,28.2660759410301,30.6812330054196,18.9912311271809,8.22922313393294
"35","ENSG00000211747",548.32266654325,0.560240360021718,0.140335616134143,3.99214665139746,6.5477856785199e-05,0.0344179677201628,"TRBV20-1",392.965228121787,417.829417408347,522.032710668727,989.474747741421,542.383532122008,480.586548769921,299.081725046595,150.938649206417,499.536647812408,392.330818267526,113.655289496772,392.292367271008,485.278571992682,183.081147487362,878.118279422797,390.710502594896,583.680275470608,942.835153499184,1003.60671406431,274.502085645321,357.019450865296,376.059888287965,647.869105459135,473.100269376193,637.903523947744,353.161023892867,674.750666684475,461.758148792821,805.928364116848,209.582980575523,202.266806109418,528.192023494432,701.300139967021,340.522912812821,478.900450370774,653.266812303866,535.92241875718,686.044441798147,976.187024206312,478.09902015881,490.244698377571,784.46659353408,1069.55085725179,943.278215558792,401.99286993722,579.536177695834,692.004126787326,664.567676027578,391.184832304946,921.486900135245,456.612917968625,764.935128482688,296.582204216254,674.251500996499,281.97611990748,1025.5108283567,291.358290222344,241.869717174687,410.499713447416,407.65014304959,320.503937232865,985.928734813134,640.351395985099,375.050685836525,232.152408718145,778.103394348297,577.504430005442,770.928127821082,882.477146634937,833.072339139918,206.215453132673,753.369713335765,760.803318811468,495.927549102848,686.09475238682,687.040467657074,255.025103707858,226.303636183156
"36","ENSG00000223510",3.96087028965913,1.55144594897889,0.386188125816455,4.01733208575205,5.88607485885611e-05,0.0344179677201628,"CDRT15",18.4202450682088,3.79844924916679,3.75949482991881,3.30559492563949,0.862294963627993,3.93117831304639,0,3.97206971595835,3.94371037746638,0,2.27310578993544,5.44850510098622,0,1.22462306011613,10.2344787811515,7.29680055779942,2.72747792275985,8.07814697000525,9.12369740058459,0,0,0,0,0.738065942864576,0,0,2.89592560808788,3.54109009810446,24.4015316301148,7.95884736362747,0,0,0.919135176889935,0,4.11662278255679,5.14383316774698,2.75893137069333,17.1511110449537,6.00114973897323,4.69107787563837,3.88466480489359,9.56666577480585,1.74193950692475,3.50661046676131,1.50184135717517,4.87005191341037,4.40299550447927,0,6.23402123195133,5.86934331296334,1.63660544074776,0,2.29021007116798,0,3.84163651100109,0,3.29590826043376,0,6.81544862684088,0.581526594935222,2.16191525958088,0,5.39443693347209,0,2.73120480844876,4.09887652861263,0,0.879051457036582,0.8037132483014,24.8341347711087,0,0,9.0571823668032,2.06421456442392,0,13.6969790202766,14.4695094302331,0
"37","ENSG00000258689",8.78122420774722,1.11276604092336,0.274929575367691,4.04745847890372,5.17767628782419e-05,0.0344179677201628,NA,26.0953471799624,65.3333270856687,5.37070689988402,6.61118985127898,5.17376978176796,15.7247132521856,12.5598624691483,3.97206971595835,17.0894116356876,7.02382539097872,4.54621157987087,0,8.72410915941901,3.6738691803484,3.07034363434544,9.95018257881739,0,4.61608398286014,18.7035796711984,6.53576394393622,5.10027786950423,0,4.87730819668107,1.47613188572915,5.5229742333138,0,11.5837024323515,3.54109009810446,18.9789690456449,6.1902146161547,2.07453134471198,9.12774234149363,2.75740553066981,6.08076630022895,5.03142784534719,11.5736246274307,20.6919852802,0,2.66717766176588,5.08200103194157,1.55386592195744,7.44074004707122,8.70969753462373,4.67548062234841,7.00859300015078,18.2626946752889,2.93533033631951,0,9.35103184792699,11.7386866259267,11.4562380852343,56.9148161073428,7.44318273129595,19.884092522685,19.2081825550055,8.83109432384672,11.2060880854748,4.41099788160523,3.14559167392656,6.97831913922266,0,8.29819029826941,3.17319819616005,6.29856113618592,1.36560240422438,5.46516870481684,30.1759071534375,1.75810291407316,14.4668384694252,2.25764861555533,3.58635570665518,0,9.0571823668032,5.16053641105981,14.133037970515,6.0266707689217,5.4260660363374,0
"38","ENSG00000280099",10.0991262083572,0.753126216964921,0.185949256079713,4.0501706371015,5.11802988342283e-05,0.0344179677201628,NA,12.2801633788059,31.906973693001,7.51898965983762,8.81491980170531,4.31147481813997,6.87956204783118,6.27993123457417,2.64804647730557,2.62914025164425,13.0442471546748,6.81931736980631,10.8970102019724,4.3620545797095,22.0432150820904,13.3048224154969,7.29680055779942,13.6373896137992,27.6965038971609,17.79120993114,16.3394098598405,8.74333349057868,0,9.75461639336213,13.2851869715624,7.3639656444184,0,7.23981402021969,5.66574415696713,18.9789690456449,12.3804292323094,8.29812537884793,15.821420058589,11.0296221226792,8.36105366281481,17.3812961930176,7.71574975162047,7.58706126940667,11.4340740299691,10.6687106470635,7.42753996976075,6.21546368782975,12.7555543664078,24.3871530969464,2.33774031117421,6.00736542870067,17.0451816969363,5.87066067263903,0,6.23402123195133,2.93467165648167,13.911146246356,9.10637057717485,5.15297266012796,9.03822387394771,9.21992762640263,19.8699622286551,1.3183633041735,8.82199576321045,6.81544862684088,7.55984573415788,8.64766103832351,17.1150174901807,15.5486711611843,9.16154347081589,8.19361442534628,7.51460696912315,16.6487763605172,6.15336019925607,8.037132483014,20.318837539998,3.58635570665518,0,1.81143647336064,4.12842912884785,10.2785730694655,25.75032055812,8.1390990545061,16.4584462678659
"39","ENSG00000288954",48.1112523060337,-0.725162679964014,0.180931297627677,-4.00794494635342,6.12493930747214e-05,0.0344179677201628,NA,66.0058781610815,55.4573590378351,43.5027258890605,40.7690040828871,68.1213021266115,40.2945777087255,47.0994842593063,64.8771386939864,19.7185518873319,49.1667777368511,57.9641976433536,59.9335561108484,27.2628411231844,75.9266297272003,15.3517181717272,49.0875673888325,40.9121688413977,25.3884619057308,13.2293612308477,135.617101836676,69.9466679246294,0,30.8896185789801,40.5936268575517,45.1042895720627,108.664930428575,14.4796280404394,58.782095628534,16.9455080764686,84.0100555049566,43.5651582389517,62.0686479221567,42.280218136937,66.8884293025184,32.0181771976639,18.0034160871144,41.3839705604,74.3214811947992,28.6721598639832,31.2738525042558,27.1926536342552,10.6296286386732,18.2903648227098,28.0528837340905,32.5398960721286,43.8304672206933,30.087135947275,83.0709595034472,87.2762972473186,39.6180673625026,67.1008230706582,63.744594040224,77.8671424197114,59.6522775680549,80.674366731023,24.2855093905785,90.9670679879717,149.238761660977,37.7471000871188,21.5164840126032,70.8027247512737,17.1150174901807,20.9431080946563,34.9283844824856,61.4521081900971,26.6426974359821,63.473459874472,39.5573155666462,31.3448166837546,14.6747160011097,141.66105041288,10.0449295111435,28.9829835737702,35.6077012363127,26.9812543073469,15.8884956635209,113.043042423696,20.5730578348323
"40","ENSG00000289474",7.33065109926208,-1.60930930006065,0.402667660680688,-3.99661919047634,6.42535372532455e-05,0.0344179677201628,NA,4422.39383679246,7.59689849833357,2.68535344994201,0,1.72458992725599,8.84515120435437,3.92495702160886,0,7.88742075493275,2.00680725456535,6.81931736980631,0,5.45256822463688,1.8369345901742,0,3.31672752627246,2.72747792275985,1.15402099571504,4.5618487002923,6.53576394393622,0,0,2.43865409834053,4.42839565718746,0.9204957055523,15.2810058415183,5.06786981415378,2.12465405886267,3.38910161529372,4003.30022390461,12.4471880682719,5.47664540489618,2.29783794222484,8.36105366281481,3.65922025116159,5.14383316774698,2.06919852802,0,2.00038324632441,0,3.10773184391487,0,3.48387901384949,2.33774031117421,5.00613785725056,0,4.40299550447927,41.5354797517236,4.67551592396349,4.40200748472251,94.9231155633701,13.6595558657623,151.726417214879,5.42293432436862,404.908488259515,1.10388679048084,421.876257335521,10.2923283904122,1.04853055797552,1.16305318987044,4.86430933405697,4.14909514913471,0.634639639232011,4.00817526848195,2.73120480844876,1.36629217620421,8.32438818025862,7.91146311332924,0.8037132483014,1.12882430777767,8.96588926663794,0,8.15146413012288,1.54816092331794,2.56964326736637,1.64363748243319,5.4260660363374,4.11461156696647
"41","ENSG00000290109",38.8436919997481,0.764161710963326,0.190962319693524,4.00163609339125,6.29059961918398e-05,0.0344179677201628,NA,26.0953471799624,39.5038721913346,24.7052517394665,55.0932487606582,35.3540935087477,33.4150156608943,10.9898796605048,6.62011619326391,15.7748415098655,47.1599704822857,3.40965868490315,10.8970102019724,30.5343820579665,45.923364754355,60.3834248087937,21.2270561681438,13.6373896137992,49.6229028157465,117.239511597512,19.6072918318086,25.5013893475211,73.3775391781396,23.5736562839585,16.9755166858852,39.5813153387489,6.79155815178591,40.5429585132303,24.7876306867312,36.6022974451722,32.7197058282462,20.7453134471198,37.1194855220741,46.4163264329417,13.6817241755151,42.5384354197535,20.5753326709879,24.83038233624,22.8681480599382,74.6809745294446,39.8741619429261,41.9543798928508,45.7074031462946,86.226005592775,46.7548062234841,16.5202549289268,24.3502595670518,35.2239640358342,41.5354797517236,52.9891804715863,115.919530431026,49.9164659428067,40.9786675972868,46.9493064589437,39.7681850453699,46.0996381320131,155.648037457798,37.5733541689448,50.7264756384601,20.4463458805227,10.467478708834,19.9977161511231,27.4877553630174,27.6068243065925,18.3230869416318,15.0216264464682,28.0089896121863,14.5676793154526,45.7106757659023,62.6896333675092,130.943619702209,7.17271141331036,60.2695770668612,34.4172929938521,27.350842978617,30.8357192083964,71.7721700662494,37.9824622543618,32.9168925357317
"42","ENSG00000291035",93.454260211238,0.490774888880262,0.122156285091518,4.017598345534,5.8794300365243e-05,0.0344179677201628,"RRP7BP",99.7763274527975,77.4883646830024,85.9313103981443,106.880902595677,103.475395635359,98.2794578261597,60.4443381327764,59.5810457393752,73.615927046039,33.1123197003283,56.8276447483859,103.521596918738,52.344654956514,72.2527605468519,183.197170182612,63.0178229991768,38.1846909186379,203.107695245846,129.556503088301,63.7236984533781,96.9052795205803,22.9304809931686,99.171933332515,102.591166058176,62.5937079775564,35.655680296876,107.873228901273,84.986162354507,83.3718997362256,106.117964848366,23.8571104641878,83.3667133856418,100.185734281003,72.2090998152188,108.404399940662,51.4383316774698,73.8014141660467,114.340740299691,118.02261153314,84.4394017614906,87.0164916296165,90.3518434287219,168.9681321717,106.367184158426,85.1043435732595,136.36145357549,90.2614078418251,41.5354797517236,112.991634829118,162.874276934733,159.569030472907,106.999854281805,93.8986129178873,81.3440148655294,88.3576397530252,174.414112895973,101.51397442136,107.334281785727,76.542730732213,72.1092977719675,76.2075129002259,107.876473877502,114.235135061762,87.0346629727509,53.941294966863,114.085396713051,77.0005906673922,119.550998156975,114.127281258799,138.845389856653,16.1386006799483,180.808731200584,114.12049782172,87.7291189880168,62.956260050476,159.43283579602,79.5823018662819,45.2607272366311
"43","ENSG00000133985",754.056256399915,0.485849953210169,0.122800153897348,3.95642788539422,7.60788405838366e-05,0.0390602921760317,"TTC9",515.766861909846,2846.55786732559,679.931493525317,665.526445028751,797.622841355894,1244.21793607918,762.22665359644,289.961089264959,1265.93103116671,424.439734340572,392.110748763863,234.285719342408,406.761589557911,320.851241750427,958.970661793894,908.1199966934,799.151031368635,578.164518853233,1332.97219022541,470.575003963408,784.714180779436,632.881275411454,799.878544255695,635.4747768064,772.29589695838,618.031791812518,960.723320483153,509.916974127042,1406.4771703469,405.016899171264,603.688621311187,756.994098187872,804.243279778693,648.361706761912,606.515756630034,1112.35392252528,1073.22430319971,748.931848962977,744.809362048122,662.61474993392,698.462731919868,1016.19249785715,594.872341614801,710.673054596959,690.847024300577,742.682916795081,578.993908839024,415.354797517236,581.322479879461,510.632868227811,1043.3359684767,1422.87040268357,810.161812675674,916.475900818298,769.095629502419,767.201319384184,760.695626508111,544.758238378246,459.780649672266,813.555706314375,430.221136656594,815.29719680497,507.711711385608,581.185413929883,397.390299629295,450.193272059287,1271.5502945345,619.73127721079,1047.23836253672,1035.13189023212,604.300936571397,843.774078936057,1029.80163510552,601.202491888468,779.886731645693,912.766681911233,472.972089500744,386.773487294848
"44","ENSG00000156453",44.2514650148325,-0.823895785506003,0.209740891000618,-3.92816003391334,8.55982456732689e-05,0.0429489197665627,"PCDH1",36.8404901364176,28.8682142936676,58.0036345187474,107.98276757089,39.6655683268877,9.82794578261597,84.7790716667513,50.3128830688057,18.4039817615098,57.1940067551125,100.016654757159,43.5880408078898,80.6980097246258,6.12311530058067,38.8910193683756,5.97010954729043,57.2770363779568,147.714687451525,23.7216132415199,58.821875495426,17.4866669811574,64.2053467808721,89.4173169391529,48.712352229062,14.7279312888368,76.4050292075915,8.68777682426363,42.4930811772535,57.6147274599933,13.2647456060458,79.8694567714114,29.8172916488792,27.5740553066981,70.6889082401615,8.23324556511359,2.57191658387349,5.51786274138667,22.8681480599382,12.6690938933879,38.7013924740165,44.285178775787,20.196294413479,84.4840660858502,38.5727151343744,52.0638337154058,129.056375705375,35.9577966199141,41.5354797517236,21.8190743118296,42.5527390189842,33.5504115353291,29.5957043758183,33.7805985497277,9.03822387394771,60.6978568738173,52.9865659430803,43.5059890377256,29.4066525440348,17.8250194855839,94.2073083795059,40.5359111171414,29.0436660439429,27.6068243065925,84.7442771050469,34.1400601056095,24.5932591716758,18.7298734055819,44.8316243088657,23.3076842007406,18.0611889244427,98.6247819330174,40.1797180445741,42.568757123975,54.185632316128,93.7919792588725,18.0800123067651,32.5563962180244,24.6876694017988
"45","ENSG00000153157",15.688194237002,-1.27360632455318,0.324818008723656,-3.92098433691441,8.81879955689582e-05,0.0432650306261309,"SYCP2L",6.14008168940293,15.1937969966671,18.2604034596057,0,93.9901510354513,7.86235662609278,1.56998280864354,56.9329992620697,7.88742075493275,37.125934209459,23.8676107943221,10.8970102019724,9.81462280434638,5.5108037705226,15.3517181717272,5.97010954729043,10.9099116910394,2.30804199143007,28.7396468118415,1.63394098598405,54.6458343161167,27.5165771918023,8.12884699446844,31.7368355431768,55.229742333138,47.5409070625014,2.89592560808788,8.49861623545069,33.8910161529372,0,12.4471880682719,57.8090348294597,5.97437864978458,11.4014368129293,2.7444151883712,3.85787487581023,6.20759558406,17.1511110449537,2.00038324632441,22.2826199092823,6.21546368782975,0,1.74193950692475,9.35096124469682,13.0159584288514,0,1.46766516815976,0,29.6116008517688,2.93467165648167,22.9124761704686,0,10.8784978380479,3.61528954957908,16.9032006484048,8.83109432384672,21.093812866776,24.9956546624296,3.14559167392656,45.9406009998825,2.7023940744761,7.77955340462757,36.4917792558406,33.7831915486336,0,27.3258435240842,12.4865822703879,22.8553378829511,3.2148529932056,11.2882430777767,8.96588926663794,0,11.7743370768442,24.7705747730871,7.70892980209911,9.31394573378809,4.52172169694784,4.11461156696647
"46","ENSG00000277476",163.737618303063,0.268321377779902,0.068582430508077,3.91239236918413,9.13862718108655e-05,0.0438594504949669,NA,135.081797166864,222.589126001174,161.658277686509,179.603990959746,153.488503525783,138.574035534885,164.06320350325,113.865998524139,144.602713840434,146.496929583271,123.884265551481,103.521596918738,118.865987297084,155.527128634749,212.877158647951,144.609320145479,120.009028601433,225.034094164432,190.685275672218,129.08133789274,154.465558333557,210.960425137151,238.175216937925,161.636441487342,167.530218410519,91.6860350491098,139.72841059024,135.26964174759,211.479940794328,162.714212767495,133.807271733923,127.788392780911,179.231359493537,168.741264831353,157.346470799949,147.885203572726,141.395232748033,177.228147464521,208.039857617739,169.269726679284,172.479117337276,237.040718642412,247.355409983314,201.045666760982,165.703163074993,219.152336103467,167.313829170212,228.44513863448,152.733520182807,198.090336812513,120.29049989496,132.042373369035,147.718549590335,177.149187929375,122.164041049835,160.063584619722,138.428146938218,138.211266956964,134.211911420867,145.963175328741,130.255394389748,177.89245451915,142.793918827202,139.140941463016,150.899065666794,162.588768968301,140.474050541864,157.350210809548,192.891179592336,202.059551092202,91.452070519707,331.482673867737,190.200829702867,154.300038690688,134.906271536734,235.588039148758,98.5735329934628,164.584462678659
"47","ENSG00000166025",28.4785975445608,-0.587702628956467,0.150532516412986,-3.9041573406247,9.45542542220939e-05,0.0444143461800248,"AMOTL1",27.6303676023132,15.1937969966671,35.4466655392345,28.6484893555423,40.5278632905157,21.6214807217551,20.4097765123661,50.3128830688057,24.9768323906204,35.1191269548936,78.4221497527725,16.3455153029587,35.9869502826034,14.6954767213936,23.5393011966484,25.8704747049252,21.8198233820788,34.6206298714511,31.9329409020461,26.1430557757449,22.5869448506616,9.17219239726745,37.3926961745548,46.4981544004683,7.3639656444184,54.3324652142873,15.2036094424614,29.0369388044565,40.6692193835247,24.7608584646188,35.2670328601037,29.8172916488792,31.2505960142578,49.4062261893602,33.3903847918495,16.7174577951777,34.4866421336667,57.1703701498456,29.3389542794247,27.3646209412238,13.2078603366382,24.4481458689483,18.2903648227098,37.4038449787873,26.0319168577029,36.5253893505778,5.87066067263903,0,13.2472951178966,27.8793807365759,45.0066496205634,25.0425190872309,32.0629409963518,3.61528954957908,30.7330920880088,2.20777358096168,40.2100807772918,49.9913093248592,28.3103250653391,34.3100691011781,20.5381949660183,21.7827495329572,28.5587837654405,29.7750162801516,18.4356324570291,24.5932591716758,12.4865822703879,26.3715437110975,17.6816914626308,16.932364616665,84.2793591063967,20.0898590222871,22.642955917008,30.9632184663589,23.1267894062973,20.2715289500094,59.6867263997114,8.22922313393294
"48","ENSG00000235890",32.8633352223457,0.92549261318732,0.238399923539335,3.88210113261474,0.000103557789690091,0.0476301108955861,"TSPEAR-AS1",42.9805718258205,41.7829417408347,29.0018172593737,20.9354345290501,16.3836043089319,50.1225234913414,42.3895358333757,5.29609295461113,64.4139361652841,19.0646689183708,5.68276447483859,10.8970102019724,13.0861637391285,53.2711031150518,48.102050271412,21.8904016733983,10.9099116910394,5.77010497857518,28.2834619418122,13.0715278878724,91.8050016510761,9.17219239726745,3.25153879778738,11.0709891429686,26.6943754610167,11.8852267656253,40.5429585132303,17.7054504905223,25.0793519531736,38.0256040706646,29.0434388259678,67.5452933270529,25.2762173644732,10.6413410254007,28.3589569465023,42.4366236339126,24.1406494935667,17.1511110449537,11.335505062505,26.1918514723142,14.7617262585957,22.3222201412136,10.4516370415485,51.4302868458325,26.0319168577029,7.30507787011555,15.4104842656775,83.0709595034472,15.5850530798783,49.8894181601884,13.0928435259821,141.14874394621,26.9099683362238,122.919844685689,22.2814917638063,32.0127169239444,27.0264477355568,11.7626610176139,38.7956306450943,13.3751116835101,31.8882500788179,22.8200233202409,24.1163062908164,12.0245258054458,40.9680721267314,21.8606748192673,188.339282578351,1.75810291407316,49.0265081463854,67.72945846666,19.7249563866035,40.1797180445741,6.34002765676224,11.3531801043316,12.8482163368318,76.1552033527379,11.7564764120644,78.1776197723629
"49","ENSG00000230317",7.59372547695178,0.839277590003728,0.216848816712561,3.87033511516095,0.000108685846782871,0.0479891487885088,"LINC01284",0,6.83720864850022,3.22242413993041,4.40745990085265,6.89835970902395,8.84515120435437,5.4949398302524,2.64804647730557,1.31457012582213,9.03063264554407,0,0,0,6.12311530058067,17.3986139279575,4.64341853678145,0,15.0022729442955,15.966470451023,9.80364591590432,8.74333349057868,0,6.50307759557475,6.64259348578118,13.8074355832845,3.39577907589295,11.5837024323515,8.49861623545069,13.5564064611749,7.07453098989108,1.03726567235599,10.3447746536928,15.1657304186839,3.04038315011447,6.40363543953279,0,8.27679411208,0,18.6702436323612,6.64569365715436,4.66159776587231,10.6296286386732,11.3226067950109,12.8575717114581,7.00859300015078,12.1751297835259,1.46766516815976,0,7.79252653993916,11.7386866259267,5.72811904261716,11.3829632214686,9.73339280246393,1.80764477478954,5.37829111540153,9.93498111432756,3.95508991252051,8.82199576321045,4.71838751088984,11.6305318987044,5.40478814895219,15.0404699156133,15.5486711611843,5.15336820233394,4.77960841478533,21.1775287311652,6.24329113519396,0.879051457036582,17.6816914626308,19.1900132322203,0,0,12.6800553135245,8.77291189880168,10.2785730694655,14.2448581810877,7.23475471511654,8.22922313393294
"50","ENSG00000280231",17.2122461385537,0.595529566400362,0.153683100961174,3.87504912821101,0.000106603190110261,0.0479891487885088,NA,6.14008168940293,19.7519360956673,11.8155551797448,17.6298396034106,26.7311438724678,8.84515120435437,7.06492263889594,3.97206971595835,19.7185518873319,18.0612652910881,11.3655289496772,21.7940204039449,3.27154093478213,12.2462306011613,19.4455096841878,18.5736741471258,16.3648675365591,13.8482519485804,34.6700501222214,21.2412328177927,19.672500353802,4.58609619863372,26.8251950817459,14.7613188572915,11.0459484666276,5.09366861383943,13.0316652363954,19.1218865297641,25.0793519531736,7.95884736362747,9.33539105120393,17.0384523707881,16.0848655955739,9.12114945034342,22.4127240383648,14.1455412113042,14.48438969614,17.1511110449537,41.3412537573711,17.9824651899471,34.1850502830636,51.0222174656312,26.1290926038712,11.688701555871,15.0184135717517,8.52259084846814,13.2089865134378,20.7677398758618,14.8058004258844,17.60802993889,12.2745408056082,20.4893337986434,14.3138129447999,7.23057909915817,17.671527950605,32.0127169239444,13.8428146938218,6.61649682240784,16.7764889276083,18.6088510379271,9.72861866811395,24.8945708948082,23.1643468319684,9.16154347081589,11.6076204359072,28.6921357002884,10.4054852253233,22.8553378829511,15.2705517177266,25.9629590788863,1.79317785332759,50.2246475557177,19.925801206967,14.4495019509675,14.133037970515,29.5854746837975,10.8521320726748,8.22922313393294
