"","gene","baseMean","log2FoldChange","lfcSE","stat","pvalue","padj","hgnc_symbol","SRR33775201","SRR33775202","SRR33775203","SRR33775204","SRR33775205","SRR33775206","SRR33775207","SRR33775208","SRR33775209","SRR33775211","SRR33775212"
"1","ENSG00000290059",110.710001689481,-5.38049337934563,0.840461093514726,-6.40183516032246,1.5352036621172e-10,3.71611398452089e-06,NA,10.2835718488922,2.78033085390662,7.09451100761413,6.83317895179704,0,6.97537793259853,37.4370651012716,272.892021521103,289.247070062173,568.819558316889,15.44733298805
"2","ENSG00000137801",19602.4216615423,-4.882621304366,0.814685322174474,-5.9932604300932,2.05675073782318e-09,2.48928541798739e-05,"THBS1",1330.00862579006,377.198219179998,429.540393733728,1020.62845616387,4556.90811286005,714.97623809135,4735.14326867119,67407.4780698068,14841.6731256902,111787.850899746,8425.23286723228
"3","ENSG00000155659",520.998523638472,-3.7036165902621,0.629743435161034,-5.88115156661385,4.07421864224121e-09,3.28735121513636e-05,"VSIG4",113.119290337814,91.7509181789184,101.258020745038,63.3622048257544,66.0421465631891,47.9557232866149,426.007982186884,257.148251048731,1850.92752289785,2495.86176037069,217.549939581705
"4","ENSG00000206177",37.9697383700841,7.16461130096548,1.27310341288232,5.62767425526314,1.82655606391322e-08,0.000110534040207709,"HBM",91.4095275457085,235.40134563076,8.38442209990761,14.9087540766481,49.5316099223918,15.6946003483467,0,1.04958469815809,0,0,1.28727774900417
"5","ENSG00000109321",1125.65936367459,-4.14511680983726,0.789821190414153,-5.24817118120585,1.53616527002175e-07,0.000743688330522929,"AREG",235.379533430199,297.495401368008,87.0689987298098,57.1502239604843,37.4238830524738,72.3695460507098,373.079717733362,2715.27561413497,1569.29221783732,6747.20075727053,190.517106852617
"6","ENSG00000087116",1434.44478579014,-4.21262324653023,0.820544340801853,-5.13393735969657,2.83742567344692e-07,0.00114471209752427,"ADAMTS2",314.220250938373,80.6295947632919,118.671820491,93.8009110655776,315.901601060588,36.6207341461423,858.47063077054,1688.78177933636,4560.71586348031,7637.70462594616,73.3748316932376
"7","ENSG00000180644",2220.01751984634,1.6540623203919,0.328621161580478,5.03334086105963,4.82004965149449e-07,0.00166677316948679,"PRF1",3198.19084500547,2320.64948606072,2962.28082345197,3133.94434652873,4928.94553849935,2763.99350579217,624.81170720743,766.196829655404,1000.94709771515,1288.77968150074,1431.45285689264
"8","ENSG00000072134",147.584315513499,-2.72137019547616,0.55864329322518,-4.87139150953563,1.10815006567017e-06,0.00274202023467281,"EPN2",53.7030974331037,71.3618252502698,33.5376883996304,23.6055272880261,34.1217757243144,34.0049674214179,58.0919975709388,212.016109027934,654.611790140707,166.458865360239,281.913827031913
"9","ENSG00000211810",22.8470660141796,3.73520481347867,0.767003582627696,4.86986618847613,1.11673847579519e-06,0.00274202023467281,"TRAV29DV5",21.7097627921058,25.9497546364618,89.6488209143968,47.2110545760523,28.6182635107153,23.5419005225201,1.29093327935419,1.04958469815809,0,7.1485402301943,5.14911099601667
"10","ENSG00000223374",53.1877755572565,-2.06877270836904,0.425057130931715,-4.86704623407762,1.13278535680113e-06,0.00274202023467281,NA,19.424524603463,17.6087620747419,14.833977561375,34.7870928455122,18.7119415262369,24.4138227640949,40.01893165998,130.148502571603,112.907847524269,94.9734630582957,77.2366649402501
"11","ENSG00000240505",82.938804563613,-3.78317839577521,0.782826804246277,-4.83271443345343,1.34683915530261e-06,0.00296378078120499,"TNFRSF13B",7.99833366024949,9.26776951302206,13.5440664690815,22.9843292014991,2.20140488543964,16.5665225899215,25.8186655870839,216.214447820566,417.378447589714,167.480085393124,12.8727774900417
"12","ENSG00000172673",1144.50652411783,2.17712302389297,0.453155581762263,4.80436104400705,1.55246472841942e-06,0.00313158010134338,"THEMIS",1662.51078223757,1549.57106257729,3271.85948560241,1100.14181123932,1113.91087203246,1932.17968732979,391.152783644321,128.049333175287,331.111777571172,431.976073910312,677.108095976193
"13","ENSG00000185585",84.5284427414479,-2.96150532204856,0.623137087919174,-4.75257432026368,2.00842906813114e-06,0.00373969492486018,"OLFML2A",21.7097627921058,17.6087620747419,19.3486663844022,11.8027636440131,42.9273952660729,11.3349891404726,55.5101310122304,60.875912493169,390.737270083988,234.880607563527,63.0766097012043
"14","ENSG00000066926",289.242330136364,2.33360626282132,0.496616307730338,4.69901255052718,2.61422390343867e-06,0.00451999312904545,"FECH",619.299549122175,955.507036792574,422.445882726114,267.115177206612,265.269288695476,200.542115562208,82.6197298786685,62.9750818894852,49.4764725106348,92.9310229925259,163.484274123529
"15","ENSG00000115414",1903.31286465741,-4.25972643519289,0.93437453233542,-4.55890682780696,5.14205761094949e-06,0.0066324931918866,"FN1",63.9866692819959,64.8743865911544,99.9681096527446,58.3926201335384,707.751670668843,239.778616433075,672.576238543536,324.321671730849,3690.43739829325,14602.4252502212,411.928879681334
"16","ENSG00000161835",2020.3919836268,-2.47495198159944,0.54059992639793,-4.5781581919374,4.69087898961208e-06,0.0066324931918866,"TAMALIN",581.59311900957,1388.3118730507,214.770196866864,226.737301582356,651.615846090132,883.25723071529,2543.13856032776,6936.7052701268,3038.36286315309,3970.50348785649,1789.31607111579
"17","ENSG00000167286",472.98948314992,2.57234386427686,0.565907794544411,4.54551764275973,5.48004064437462e-06,0.0066324931918866,"CD3D",573.59478534932,1055.59894753321,1855.53710626417,360.916088272189,341.217757243144,376.670408360321,100.692795789627,193.123584461088,40.596080008726,109.270543518684,195.666217848634
"18","ENSG00000196935",397.528269214881,-3.33556816778775,0.72855440924667,-4.57833776785011,4.68685455391717e-06,0.0066324931918866,"SRGAP1",148.540482261776,30.5836393929728,59.3359102455,100.012891930848,58.3372294641504,68.0099348428357,104.56559562769,1625.80669744688,753.564735161977,1367.41362403288,56.6402209561834
"19","ENSG00000232824",52.469656353769,-2.61424089925799,0.575104224509404,-4.54568196136637,5.475766720118e-06,0.0066324931918866,NA,18.2819055091417,11.1213234156265,7.09451100761413,14.2875559901211,19.8126439689567,24.4138227640949,65.8375972470639,56.6775737005367,210.592165045266,124.588844011958,24.4582772310792
"20","ENSG00000279958",27.3677777701231,-6.37783855087129,1.38639732598389,-4.60029634458872,4.21890312658912e-06,0.0066324931918866,NA,0,0,3.86973327688044,0,0,0,7.74559967612517,16.7933551705294,129.400005027814,141.949584571001,1.28727774900417
"21","ENSG00000242048",134.484300566131,-2.73774276892925,0.60616212098123,-4.51651905351246,6.28644631587685e-06,0.0069521621755003,"PRKAG2-AS2",25.1376200750698,26.876531587764,26.4431773920163,9.31797129790506,61.6393367923098,76.7291572585839,194.930925182483,533.189026664308,62.1627475133617,214.456206905829,248.444605557805
"22","ENSG00000276107",511.547807330061,-3.9896757572186,0.883563254781296,-4.51543874830574,6.3185808419816e-06,0.0069521621755003,NA,139.399529507205,20.3890929286485,0.644955546146739,77.6497608158755,125.480078470059,32.2611229382682,456.990380891385,644.445004669065,265.143147556992,3428.23565039461,436.387156912413
"23","ENSG00000166736",9.30985991697738,-6.02761669909192,1.34812821373618,-4.47110047670251,7.78181247242865e-06,0.00744070761471108,"HTR3A",0,1.85355390260441,0,0,0,0,1.29093327935419,34.6362950392169,45.6705900098168,11.2334203617339,7.72366649402501
"24","ENSG00000211801",19.8839002039263,3.25076441420169,0.727776619822201,4.46670630199122,7.94330606234613e-06,0.00744070761471108,"TRAV21",15.996667320499,32.4371932955772,61.2707768839402,50.3170450086873,16.5105366407973,24.4138227640949,2.58186655870839,2.09916939631617,0,4.0848801315396,9.01094424302918
"25","ENSG00000220305",11.469419452787,-4.8747347173978,1.0916696527115,-4.46539363376996,7.99216714791738e-06,0.00744070761471108,"HNRNPH1P1",1.14261909432136,0.926776951302206,1.93486663844022,0,0,0.871922241574817,41.3098649393342,26.2396174539522,1.26862750027269,6.1273201973094,46.3419989641501
"26","ENSG00000269954",201.946509606343,-3.31822054358147,0.741181005279842,-4.47693683451674,7.57216410832573e-06,0.00744070761471108,NA,15.996667320499,77.8492639093853,64.4955546146739,49.6958469221603,14.3091317553576,15.6946003483467,85.2015964373769,1084.2209931973,521.405902612075,235.901827596412,56.6402209561834
"27","ENSG00000236327",31.2367742076105,-2.98958046189873,0.673963998856566,-4.43581625572107,9.17240618598852e-06,0.00822323200511252,NA,9.14095275457085,10.1945464643243,3.86973327688044,0,7.70491709903873,14.8226781067719,58.0919975709388,102.859300419493,53.2823550114529,34.7214811180866,48.9165544621584
"28","ENSG00000117983",169.325809218362,-3.23350841379695,0.731817592272003,-4.41846226155645,9.9405632852889e-06,0.00829728534081735,"MUC5B",22.8523818864271,10.1945464643243,19.9936219305489,28.5751119802422,60.53863434959,68.8818570844105,188.476258785712,1146.14649038863,102.758827522088,126.631284077728,87.5348869322835
"29","ENSG00000290680",22.998629978477,-3.4152506102734,0.772097412700057,-4.42334160702614,9.71858895835278e-06,0.00829728534081735,NA,3.42785728296407,0,5.15964436917391,0,7.70491709903873,9.59114465732299,37.4370651012716,71.3717594747499,43.1333350092714,32.6790410523168,42.4801657171376
"30","ENSG00000124145",352.939815145436,-3.26071971805445,0.747194582123278,-4.36394989480326,1.27734845719521e-05,0.00838463715572807,"SDC4",59.4161929047105,145.503981354446,55.4661769686196,37.8930832781472,91.3583027457449,42.724189837166,100.692795789627,2302.78882775884,114.176475024542,725.066223348279,207.251717589671
"31","ENSG00000164821",315.116304332953,4.9054897641704,1.11671162268098,4.39279905799977,1.11900545626494e-05,0.00838463715572807,"DEFA4",1478.54910805183,721.959245064418,982.267296781484,0,178.313795720611,11.3349891404726,14.2002660728961,5.24792349079044,41.8647075089987,18.3819605919282,14.1600552390459
"32","ENSG00000171476",138.131764895349,1.83468756062546,0.419094185502866,4.37774520403818,1.19913418493887e-05,0.00838463715572807,"HOPX",303.936679089481,265.058208072431,194.776574936315,195.677397256006,179.41449816333,93.2956798485054,47.7645313361052,32.5371256429007,46.9392175100895,102.12200328849,57.9274987051876
"33","ENSG00000172116",412.660658754399,2.04104105252767,0.464620970836639,4.39291633533541,1.11840175693785e-05,0.00838463715572807,"CD8B",482.185257803612,1067.64704790014,1107.38867273395,330.477382032366,420.468333118971,366.207341461423,147.166393846378,97.6113769287021,119.250985025633,121.525183913303,279.339271533905
"34","ENSG00000197457",281.877737182528,2.19242804183604,0.502479596364501,4.36321804447089,1.28163089631471e-05,0.00838463715572807,"STMN3",313.077631844051,816.490494097243,841.666987721495,122.37602304582,300.49176686251,228.443627292602,81.3287965993143,97.6113769287021,96.4156900207243,106.20688342003,96.5458311753127
"35","ENSG00000243704",27.0057255255362,-3.87580425219225,0.883895114726268,-4.3849142139365,1.16031495953806e-05,0.00838463715572807,"RN7SL105P",0,1.85355390260441,0.644955546146739,15.5299521631751,0,3.48768896629927,47.7645313361052,44.0825573226397,90.0725525193609,40.848801315396,52.7783877091709
"36","ENSG00000251562",863.304581978766,-2.62820069538954,0.602068418676051,-4.3652857613242,1.2695667852152e-05,0.00838463715572807,NA,146.255244073134,126.0416653771,94.1635097374239,268.978771466193,431.475357546169,476.941466141425,3019.49294040946,2853.82079429184,721.84904765516,852.718727458891,504.612877609634
"37","ENSG00000256039",314.668695063897,2.41545028600243,0.548088235338178,4.4070464028699,1.0478974502524e-05,0.00838463715572807,"LINC02446",447.906684973971,580.162371515181,1286.68631456274,191.329010650317,324.707220602346,163.049459174491,104.56559562769,77.6692676636984,54.5509825117256,147.055684735426,83.673053685271
"38","ENSG00000101188",358.361055905157,-2.2191094017096,0.510741079448154,-4.34488137141289,1.39350948970155e-05,0.00887665544939886,"NTSR1",73.1276220365668,163.112743429188,88.3589098221033,137.905975208995,220.140488543964,125.556802786774,218.167724210859,1454.72439164711,534.092177614802,617.838119895364,308.946659761
"39","ENSG00000102755",102.309270815955,-2.03431912983904,0.471186933153496,-4.31743536736902,1.57852609870838e-05,0.00909757208222262,"FLT1",59.4161929047105,46.3388475651103,35.4725550380707,31.0599043263502,53.9344196932711,29.6453562135438,99.401862510273,80.8180217581727,137.01177002945,390.106052562032,162.196996374525
"40","ENSG00000128298",56.204301066812,-3.63648194473239,0.841980147320103,-4.31896399969378,1.56763348402837e-05,0.00909757208222262,"BAIAP2L2",11.4261909432136,7.41421561041764,5.15964436917391,0,9.90632198447836,20.9261337977956,25.8186655870839,102.859300419493,233.427460050175,185.862045985052,15.44733298805
"41","ENSG00000131409",38.7421339476658,-4.0839702991503,0.944362963394909,-4.32457694493731,1.52824856840152e-05,0.00909757208222262,"LRRC4B",3.42785728296407,1.85355390260441,1.28991109229348,0,14.3091317553576,7.84730017417335,14.2002660728961,48.280896115272,266.411775057265,23.4880607563527,45.0547212151459
"42","ENSG00000168286",331.731805415303,1.86333261874175,0.431380479398907,4.319464388695,1.56408344290223e-05,0.00909757208222262,"THAP11",537.030974331037,698.789821281863,874.559720574979,400.672765809917,246.557347169239,211.005182461106,132.966127773482,88.1651146452793,149.698045032177,135.822264373692,173.782496115563
"43","ENSG00000277734",661.35214435195,2.23205276570517,0.519908529133901,4.29316435609064,1.76144514997437e-05,0.0099157072791348,"TRAC",442.193589502365,906.387858373557,2639.15809483246,538.578741018912,1145.83124287133,506.586822354969,219.458657490213,143.793103647658,130.668632528087,302.28112973393,299.935715517971
"44","ENSG00000114737",274.720903930358,1.66938624293527,0.391346837935467,4.26574608790005,1.99235269040505e-05,0.0106811272299681,"CISH",319.93334640998,276.179531488057,800.389832768103,365.264474877878,348.922674342182,283.374728511815,134.257061052836,107.057639212125,79.9235325171794,122.546403946188,184.080718107596
"45","ENSG00000155265",49.1914031636293,2.75397718571321,0.645089727125372,4.26913818328094,1.96229678952584e-05,0.0106811272299681,"GOLGA7B",39.9916683012475,98.2383568380338,142.535175698429,63.3622048257544,78.1498734331071,59.2907124270875,25.8186655870839,7.34709288710661,0,17.3607405590433,9.01094424302918
"46","ENSG00000253295",47.9683748180826,-5.1827818380802,1.21616209682223,-4.26158803306118,2.02979365685587e-05,0.0106811272299681,"LOC101928093",2.28523818864271,0,0,0,14.3091317553576,0.871922241574817,50.3463978948136,7.34709288710661,375.513740080716,30.636600986547,46.3419989641501
"47","ENSG00000096006",268.060827459005,4.56097689471849,1.07802242590978,4.23087385298995,2.32785199439745e-05,0.0119889330588052,"CRISP3",751.843364063452,883.218434591002,1088.6849618957,9.31797129790506,112.271649157421,2.61576672472445,30.9823987045007,2.09916939631617,49.4764725106348,14.2970804603886,3.86183324701251
"48","ENSG00000078053",183.444000690507,-3.56363776352057,0.847722328083557,-4.20377952244915,2.62494635016495e-05,0.0129672349698148,"AMPH",34.2785728296407,4.63388475651103,18.7037108382554,81.9981474215645,11.0070244271982,34.8768896629927,36.1461318219175,202.569846744511,492.227470105803,1064.11127426607,37.3310547211209
"49","ENSG00000164047",772.538150867,5.01756347834518,1.1931516048201,4.20530254334421,2.60733138438542e-05,0.0129672349698148,"CAMP",2008.72436781694,2303.04072398598,3710.42925698219,0,243.25523984108,19.182289314646,30.9823987045007,7.34709288710661,116.713730025087,23.4880607563527,34.7564992231126
"50","ENSG00000228079",62.093759105751,-2.2756473791331,0.542022725137535,-4.19843536736522,2.68765538284007e-05,0.0130114772394053,NA,44.5621446785329,19.4623159773463,14.833977561375,6.21198086527004,12.107726869918,39.2365008708668,78.7469300406059,103.908885117651,126.862750027269,63.3156420388638,173.782496115563
"51","ENSG00000011332",15.2508982456769,-3.80370010285249,0.90973487127289,-4.1811083898877,2.90091529436594e-05,0.0135476616980568,"DPF1",1.14261909432136,0.926776951302206,1.93486663844022,0,9.90632198447836,0,25.8186655870839,18.8925245668456,55.8196100119983,27.5729408878923,25.7455549800834
"52","ENSG00000100151",524.365339878036,-2.29123851683472,0.548094615609163,-4.18037041704596,2.91034622944293e-05,0.0135476616980568,"PICK1",198.815722411916,242.815561241178,158.014108805951,98.1492976712666,209.133464116765,229.315549534177,258.186655870839,1092.61767078257,1302.88044278005,1765.68943685799,212.400828585688
"53","ENSG00000111087",135.068125659688,-2.42805520033355,0.583043202595155,-4.16445160414555,3.12101817268229e-05,0.0137358847068996,"GLI1",44.5621446785329,37.9978550033904,21.2835330228424,24.2267253745531,73.7470636622278,69.7537793259853,299.496520810173,510.09816330483,123.056867526451,45.9549014798205,235.571828067763
"54","ENSG00000177575",3298.95284867007,-3.14022689052245,0.752966779812786,-4.17047202441417,3.03969370609019e-05,0.0137358847068996,"CD163",334.787394636157,111.213234156265,279.910707027685,1689.03759726692,1065.47996455278,866.690708125368,2207.49590769567,4874.27133824616,4806.82959853322,19064.1355738953,988.629311235202
"55","ENSG00000279175",179.257559192665,-2.75584317292567,0.661436255787747,-4.16645315222939,3.09375434017394e-05,0.0137358847068996,NA,19.424524603463,20.3890929286485,16.1238886536685,94.4221091521046,60.53863434959,86.3203019159069,161.366659919274,826.023157450414,77.386277516634,253.262568155455,356.575936474155
"56","ENSG00000124216",71.8437057796008,-2.101753676534,0.507711321637473,-4.1396628102667,3.47816680073866e-05,0.0144486600901661,"SNAI1",22.8523818864271,31.510416344275,16.1238886536685,11.8027636440131,62.7400392350296,28.773433971969,89.0743962754394,97.6113769287021,65.9686300141798,209.350106741404,154.4733298805
"57","ENSG00000148719",1165.67084658676,-1.08025255557432,0.261110811730156,-4.1371421903843,3.51658209277601e-05,0.0144486600901661,"DNAJB12",887.815036287693,664.499074083681,644.310590600593,566.532654912627,990.632198447836,890.232608647888,1377.42580907093,2040.39265321932,1778.61575538231,1519.57540893273,1462.34752286874
"58","ENSG00000163840",2768.78779977483,1.44794098183476,0.350014222234284,4.13680613488205,3.52173405486161e-05,0.0144486600901661,"DTX3L",4196.83993344234,3576.43225507521,3192.52995342636,6730.06006943356,2769.36734588306,2864.26456357327,1543.95620210762,883.750315849109,1318.10397278332,1290.82212156651,2090.53906438277
"59","ENSG00000290698",44.1343340810997,-3.20489621122817,0.773542700370908,-4.14314065621903,3.42581683844758e-05,0.0144486600901661,NA,4.57047637728542,11.1213234156265,14.1890220152283,13.6663579035941,2.20140488543964,9.59114465732299,12.9093327935419,125.95016377897,224.547067548266,55.1458817757846,11.5854997410375
"60","ENSG00000151500",138.276262025889,1.91620559531207,0.464827187115952,4.12240430083551,3.74938392262448e-05,0.0148782929886964,"THYN1",133.686434035599,189.06249806565,438.569771379783,191.329010650317,209.133464116765,83.7045351911824,54.2191977328762,27.2892021521103,57.088237512271,62.2944220059789,74.6621094422418
"61","ENSG00000269480",15.4141875915736,-3.42863673894522,0.831414308387825,-4.12386063645404,3.72574373144228e-05,0.0148782929886964,NA,7.99833366024949,0.926776951302206,3.2247777307337,0,0,5.2315334494489,34.8551985425633,47.2313114171139,21.5666675046357,16.3395205261584,32.1819437251042
"62","ENSG00000105374",1366.19014693818,1.64307513553411,0.401652911868156,4.09078357702397,4.29918181521364e-05,0.0161301016217207,"NKG7",1427.13124880737,1617.22578002235,1592.3952434363,1956.77397256006,3348.33683075369,1920.84469818932,490.554646154594,305.429147164003,498.570607607166,714.85402301943,1155.97541860574
"63","ENSG00000126266",110.798735130117,-2.7895621261884,0.681244896883609,-4.0948007668746,4.22531575633143e-05,0.0161301016217207,"FFAR1",33.1359537353193,43.5585167112037,25.7982218458696,13.0451598170671,1.10070244271982,63.6503236349616,95.5290626722104,397.792600601915,286.709815061628,124.588844011958,133.876885896434
"64","ENSG00000140545",482.81541427604,-2.79333536753656,0.682054698708293,-4.09547118849369,4.21310622885655e-05,0.0161301016217207,"MFGE8",84.5538129797803,151.06464306226,238.633552074294,78.8921569889295,135.386400454538,95.039524331655,130.384261214774,2276.54921030489,634.313750136344,1361.28630383557,124.865941653404
"65","ENSG00000211786",22.1404247161761,3.48958202028539,0.853396273739848,4.08905232851903,4.33139141292177e-05,0.0161301016217207,"TRAV8-2",17.1392864148203,52.8262862242257,103.192887383478,22.3631311149721,23.1147512971162,7.84730017417335,6.45466639677097,3.14875409447426,0,1.0212200328849,6.43638874502084
"66","ENSG00000173208",303.783473242873,2.46271803623187,0.60399775268169,4.07736291285463,4.5549368949649e-05,0.0167055761332607,"ABCD2",315.362870032694,377.198219179998,1348.60204699283,253.448819303018,160.702556637093,447.296109927881,87.7834629960852,18.8925245668456,78.6549050169067,142.970804603886,110.705886414359
"67","ENSG00000138686",107.033235812861,1.59695282524919,0.393658428793362,4.05669663963288,4.97716601533965e-05,0.0177172471422517,"BBS7",127.973338563992,106.579349399754,274.106107112364,150.329936939535,104.566732058383,158.689847966617,63.2557306883555,26.2396174539522,54.5509825117256,47.9973415455903,63.0766097012043
"68","ENSG00000152778",800.740723442734,1.90224236021321,0.468742639836154,4.05818075538876,4.94564828410768e-05,0.0177172471422517,"IFIT5",1240.88433643299,1321.58393255695,1022.25454064258,2400.30940634034,402.857094035453,814.375373630879,382.116250688842,292.834130786106,133.205887528632,381.936292298952,415.790712928346
"69","ENSG00000116824",480.727615065926,1.53985453916902,0.380845004129333,4.04325781478832,5.27136022782251e-05,0.0180516050361247,"CD2",574.737404443642,919.362735691788,1062.24178450368,301.281071965597,827.728236925303,424.626131646936,210.422124534734,188.925245668456,233.427460050175,249.177688023915,296.073882270959
"70","ENSG00000249222",18.2477594516313,-3.06494513746067,0.758233692696566,-4.04221701961115,5.29481929093967e-05,0.0180516050361247,"ATP5MGL",7.99833366024949,3.70710780520882,2.57982218458696,8.07557512485105,0,2.61576672472445,49.0554646154594,15.7437704723713,77.386277516634,19.4031806248131,14.1600552390459
"71","ENSG00000276926",5.92265742673952,-6.36000714244473,1.57319552434855,-4.04273152574496,5.28321021318623e-05,0.0180516050361247,"MIR6797",0,0,0,0,0,0,2.58186655870839,2.09916939631617,50.7451000109075,7.1485402301943,2.57455549800834
"72","ENSG00000109758",11.4330328542473,-5.27036061775192,1.31030570898835,-4.02223739208234,5.76479118907098e-05,0.019147885094852,"HGFAC",2.28523818864271,1.85355390260441,0,0,0,0,2.58186655870839,41.9833879263235,63.4313750136344,2.0424400657698,11.5854997410375
"73","ENSG00000111796",128.583627246279,2.38466014192874,0.592927982970966,4.02183774491465,5.77458321046103e-05,0.019147885094852,"KLRB1",325.646441881586,318.811271247959,319.897950888783,139.769569468576,85.8547905321458,29.6453562135438,55.5101310122304,41.9833879263235,21.5666675046357,25.5305008221225,50.2038322111626
"74","ENSG00000225948",23.7746963868566,3.63299679976159,0.906732100851328,4.00669260121107,6.15749170837928e-05,0.0201416546341931,"LINC02648",20.5671436977844,50.0459553703191,120.60668712944,13.6663579035941,20.9133464116765,19.182289314646,10.3274662348336,3.14875409447426,0,3.0636600986547,0
"75","ENSG00000122025",710.699357250806,-2.69499930342174,0.675430182218928,-3.99004867470996,6.60597372637545e-05,0.0203224949535776,"FLT3",497.03930602979,71.3618252502698,84.4891765452228,264.009186773977,167.306771293412,138.635636410396,291.750921134048,2081.32645644749,1540.11378533104,2444.80075872645,236.859105816767
"76","ENSG00000135638",22.4006513589854,-3.74157123140924,0.937729294048216,-3.9900334298577,6.60639833259721e-05,0.0203224949535776,"EMX1",5.71309547160678,2.78033085390662,3.2247777307337,0,0,8.71922241574817,23.2367990283755,46.1817267189558,130.668632528087,14.2970804603886,11.5854997410375
"77","ENSG00000180509",351.291140898065,-2.06415072154001,0.517098737848915,-3.9917922254591,6.55758162150046e-05,0.0203224949535776,"KCNE1",343.928347390728,102.872241594545,59.3359102455,50.9382430952143,125.480078470059,180.487904005987,735.831969231891,492.255223436143,517.600020111257,902.758509070251,352.714103227142
"78","ENSG00000182866",1069.09454115962,1.72085599916074,0.431437522341026,3.98865631765913,6.64486098591662e-05,0.0203224949535776,"LCK",1042.06861402108,1920.28184309817,2683.66002751658,1035.53721024052,1558.59465889126,1146.57774767088,336.933585911445,213.065693726092,374.245112580443,658.68692121076,790.38853788856
"79","ENSG00000273096",42.3371210038987,-1.89481362662267,0.4753335744872,-3.98628190459056,6.71167634191208e-05,0.0203224949535776,NA,20.5671436977844,25.9497546364618,15.4789331075217,16.1511502497021,16.5105366407973,19.182289314646,127.802394656065,106.008054513967,38.0588250081806,38.8063612496262,41.1928879681334
"80","ENSG00000285621",12.5298164371921,-4.34351294375895,1.08966186151727,-3.98611082681278,6.71651489831534e-05,0.0203224949535776,NA,1.14261909432136,1.85355390260441,1.93486663844022,0,1.10070244271982,1.74384448314963,11.6183995141878,33.5867103410588,0,74.5490624005977,10.2982219920333
"81","ENSG00000130844",897.038019635064,-2.74549806865805,0.691754281382248,-3.96889205105034,7.22075812467764e-05,0.0215784779217218,"ZNF331",147.397863167455,396.660535157344,192.841708297875,336.068164811109,298.290361977071,126.428725028348,771.978101053808,5752.77373060448,574.688257623528,1038.58077344394,231.70999482075
"82","ENSG00000275888",214.286233601046,-2.21787530392931,0.559743001682054,-3.96231001953484,7.4228067418579e-05,0.0219117634138308,NA,106.263575771886,90.8241412276162,12.254155376788,32.9234985859312,141.990615110857,100.271057781104,333.060786073382,572.023660496157,499.839235107439,225.689627267563,242.008216812784
"83","ENSG00000276097",30.7653126945669,-5.7322511966573,1.45336689693128,-3.94411845264998,8.00940637645609e-05,0.0233585169576501,NA,0,0,1.28991109229348,0,0,6.10345569102372,24.5277323077297,276.040775615577,0,21.4456206905829,9.01094424302918
"84","ENSG00000169564",57.4270625433538,-2.01483633686253,0.512496513280666,-3.93141472117513,8.44474517450274e-05,0.0243349406778587,"PCBP1",17.1392864148203,30.5836393929728,10.3192887383478,39.1354794512012,16.5105366407973,30.5172784551186,64.5466639677097,62.9750818894852,214.398047546084,78.6339425321373,66.9384429482168
"85","ENSG00000272754",64.911584798546,-1.68903486211604,0.430952445381888,-3.9193068288992,8.88040033298235e-05,0.025289290642373,NA,20.5671436977844,13.9016542695331,26.4431773920163,45.3474603164713,36.323180609754,50.5714900113394,123.929594818003,133.297256666077,120.519612525905,63.3156420388638,79.8112204382585
"86","ENSG00000228541",12.8651227232463,-5.29837377850584,1.35733519936392,-3.90351166092856,9.48069802032581e-05,0.0266848577069775,NA,0,0,0.644955546146739,0,0,3.48768896629927,21.9458657490213,26.2396174539522,0,77.6127224992524,11.5854997410375
"87","ENSG00000112210",17.419375346549,2.76355135875005,0.71201390059608,3.88131658165168,0.000103892492831489,0.0282564233874047,"RAB23",20.5671436977844,20.3890929286485,39.3422883149511,30.4387062398232,30.8196683961549,29.6453562135438,3.87279983806258,7.34709288710661,0,9.1909802959641,0
"88","ENSG00000140044",1699.06844409345,-2.2042753700039,0.567525932132436,-3.88400819275606,0.000102748442936513,0.0282564233874047,"JDP2",1043.2112331154,828.538594464172,256.692307366402,775.255211985701,519.531552963754,438.576887512133,1018.54635741046,3970.57891313204,3659.99033828671,5544.20355853212,634.627930259055
"89","ENSG00000215704",38.2578809117807,-3.01266070012452,0.775288004310373,-3.88586007183784,0.000101968231109103,0.0282564233874047,"CELA2B",3.42785728296407,6.48743865911544,8.38442209990761,13.0451598170671,14.3091317553576,8.71922241574817,32.2733319838549,241.40448057636,59.6254925128164,6.1273201973094,27.0328327290875
"90","ENSG00000275580",12.1368002024989,3.4882239058961,0.899771857595791,3.8767870726883,0.000105844909519678,0.0284675764425925,NA,12.5688100375349,16.6819851234397,23.2183996612826,9.31797129790506,53.9344196932711,8.71922241574817,3.87279983806258,3.14875409447426,0,2.0424400657698,0
"91","ENSG00000011590",127.309876561658,-2.31669213918106,0.599251125691503,-3.86597878561801,0.000110644556062405,0.0294314519125998,"ZBTB32",30.8507155466766,51.8995092729235,54.8212214224728,38.5142813646742,67.1428490059089,28.773433971969,73.5831969231891,435.577649735606,305.739227565718,283.899169142002,29.6073882270959
"92","ENSG00000211750",8.12732446570419,3.92551725192993,1.01869924852052,3.85346043754429,0.000116460088484049,0.0306416619765748,"TRBV24-1",12.5688100375349,12.9748773182309,30.3129106688967,12.4239617305401,12.107726869918,4.35961120787408,2.58186655870839,1.04958469815809,0,1.0212200328849,0
"93","ENSG00000162711",3269.90938889385,-1.82842510525427,0.475216371878101,-3.84756336998271,0.000119298425161872,0.0310509427899814,"NLRP3",1060.35051953022,1445.77204403144,834.572476713881,1713.26432264148,1280.11694088315,2750.04274992697,5136.62351855034,4028.30607153074,2036.14713793766,11568.3805325201,4115.42696356633
"94","ENSG00000198851",905.640876954502,1.79015677557576,0.465927186617153,3.84213848642989,0.00012196698230725,0.0314077954652051,"CD3E",856.964320741017,1731.21934503252,2715.90780482392,769.664429206958,1477.14267813,476.941466141425,413.098649393342,350.561289184801,223.278440047993,539.204177363227,408.067046434321
"95","ENSG00000109906",2433.79770653263,-3.46168761440756,0.901642041931376,-3.83931477617481,0.000123378167170501,0.0314367569950438,"ZBTB16",1368.85767499698,453.193929186779,105.772709568065,195.056199169479,285.081932664433,222.340171601578,481.518113199115,17693.898841549,1686.0059478624,4052.20109048728,227.848161573738
"96","ENSG00000163751",13.5485314265477,6.83984346633461,1.78664358091936,3.82832006303966,0.000129020905402749,0.0325084173143788,"CPA3",73.1276220365668,49.1191784190169,21.2835330228424,0,5.50351221359909,0,0,0,0,0,0
"97","ENSG00000255274",206.450826419987,-1.54617156089767,0.404236640045389,-3.82491691184663,0.000130816197630274,0.0325084173143788,"SMIM35",53.7030974331037,68.5814943963632,92.8735986451305,101.876486190429,184.918010376929,159.561770208191,353.715718543049,425.081802754025,369.170602579352,200.15912644544,261.317383047846
"98","ENSG00000278570",14.3014052080796,5.73799754473943,1.50074978748671,3.82342052791411,0.000131613025564287,0.0325084173143788,"NR2E3",3.42785728296407,1.85355390260441,1.93486663844022,18.6359425958101,116.674458928301,12.2069113820474,2.58186655870839,0,0,0,0
"99","ENSG00000142892",304.863969633121,1.93584572236303,0.507167145845936,3.81697777196136,0.000135096335791706,0.0330317364057984,"PIGK",510.750735161646,501.386330654493,994.521452158272,341.037749503325,156.299746866214,249.369761090398,143.293594008316,46.1817267189558,104.02745502236,152.16178489985,154.4733298805
"100","ENSG00000113657",12.5780413793319,-5.8660701203072,1.54519426329832,-3.79633180088677,0.000146852919221341,0.0338544929778265,"DPYSL3",2.28523818864271,0.926776951302206,0,0,0,0,2.58186655870839,111.255978004757,0,7.1485402301943,14.1600552390459
"101","ENSG00000150977",914.217574530865,-1.46138370938835,0.384788968897433,-3.79788358688079,0.000145936830100032,0.0338544929778265,"RILPL2",403.344540295439,904.534304470953,272.171240473924,403.778756242552,490.913289453039,578.084446164103,1911.87218672356,1369.7080310963,910.87454519579,1839.2172792257,971.894700498147
"102","ENSG00000227714",8.03917741664952,-6.30682956887723,1.66002008531845,-3.79924895165794,0.00014513524669616,0.0338544929778265,"MTND6P18",0,0.926776951302206,0,0,0,0,51.6373311741678,32.5371256429007,0,2.0424400657698,1.28727774900417
"103","ENSG00000244734",60200.6010853316,5.48532958874756,1.44390978048614,3.79894205502282,0.000145315058659143,0.0338544929778265,"HBB",182030.647916335,429155.188623902,15302.8602434237,3052.5673971937,17242.503765206,3328.99911833265,78.7469300406059,55.6279890023786,1268.62750027269,825.145786570999,9865.69666836795
"104","ENSG00000245164",485.396173684464,2.11487884322528,0.55692223223755,3.79744014658621,0.000146198062224727,0.0338544929778265,"LINC00861",647.865026480209,912.875297032673,1948.4107049093,245.373244178166,239.95313251292,483.044921832448,258.186655870839,141.693934251342,105.296082522633,142.970804603886,213.688106334692
"105","ENSG00000253430",8.05019756594836,-5.25693294719484,1.38216106638234,-3.80341558958415,0.000142714636639817,0.0338544929778265,NA,0,0,0,0,0,2.61576672472445,19.3639991903129,14.6941857742132,43.1333350092714,1.0212200328849,7.72366649402501
"106","ENSG00000118113",949.777645361893,3.94015743550092,1.03966471586894,3.78983471821277,0.000150747556002549,0.0344244843452613,"MMP8",3111.35179383705,3378.10198749654,2845.54386959941,6.83317895179704,549.250518917189,18.3103670730712,245.277323077297,26.2396174539522,161.115692534631,64.3368620717487,41.1928879681334
"107","ENSG00000008056",24.8075050874176,-3.72136367816778,0.985274146922303,-3.77698297452764,0.00015873957804797,0.0349313656929923,"SYN1",1.14261909432136,0,0.644955546146739,0,5.50351221359909,15.6946003483467,24.5277323077297,96.561792230544,55.8196100119983,45.9549014798205,27.0328327290875
"108","ENSG00000185745",826.995922544665,3.23142933866139,0.855279971831029,3.77821233407743,0.000157958174780144,0.0349313656929923,"IFIT1",1070.63409137911,700.643375184467,299.904328958234,5518.7238007059,116.674458928301,648.710147731664,104.56559562769,24.140448057636,63.4313750136344,138.885924472346,410.64160193233
"109","ENSG00000260563",67.9031074975521,-2.58589124806631,0.683523145589861,-3.78318022549882,0.000154837213973182,0.0349313656929923,NA,36.5638110182834,7.41421561041764,7.09451100761413,9.93916938443206,36.323180609754,27.9015117303941,286.587188016631,181.578152781349,62.1627475133617,64.3368620717487,27.0328327290875
"110","ENSG00000280213",102.958981725586,-1.88027681074693,0.497283618004007,-3.78109542054485,0.000156139808914048,0.0349313656929923,"UCKL1-AS1",43.4195255842115,33.3639702468794,21.9284885689891,30.4387062398232,66.0421465631891,83.7045351911824,156.202926801858,124.900579080812,356.484327576625,84.7612627294467,131.302330398425
"111","ENSG00000112996",450.613060214575,1.50307034881845,0.399890864813857,3.75870138848533,0.000170797533700819,0.0368481884811614,"MRPS30",507.322877878682,619.087003469873,1242.82933742477,689.529876044974,364.33250854026,407.187686815439,191.058125344421,266.594513332154,134.474515028905,231.816947464872,302.51027101598
"112","ENSG00000250995",63.8952846801199,-1.86185196439146,0.495579274552171,-3.75692055741015,0.000172017074211817,0.0368481884811614,NA,37.7064301126047,23.1694237825551,10.3192887383478,25.4691215476072,42.9273952660729,35.7488119045675,91.6562628341478,139.594764855026,149.698045032177,114.376643683109,32.1819437251042
"113","ENSG00000251794",13.8879696695165,-4.63015661869981,1.23227429810359,-3.75740744234087,0.000171682836915677,0.0368481884811614,"RNU6-237P",2.28523818864271,1.85355390260441,1.28991109229348,0,0,1.74384448314963,7.74559967612517,0,110.370592523724,8.1697602630792,19.3091662350625
"114","ENSG00000124882",1705.71321652145,-2.23942663165991,0.597007285355184,-3.75108761081129,0.000176069158742606,0.0371747404571739,"EREG",832.969319760268,1538.44973916166,520.479125740419,295.069091100327,200.327844575007,415.034986989613,3559.10305117952,1580.67455542608,1928.31380041449,6709.41561605379,1183.00825133483
"115","ENSG00000153130",177.804299990876,1.69646317803409,0.452614336061422,3.74814282905054,0.000178148801662074,0.0371747404571739,"SCOC",202.24357969488,191.842828919557,510.804792548218,309.356647090448,159.601854194374,182.231748489137,72.2922636438349,116.503901495548,32.9843150070899,112.334203617339,65.6511651992126
"116","ENSG00000196172",47.9648790658503,2.64351222542533,0.70517078711131,3.74875459072023,0.000177714876083011,0.0371747404571739,"ZNF681",59.4161929047105,79.7028178119897,205.74081922081,45.3474603164713,31.9203708388747,43.5961120787408,11.6183995141878,13.6446010760551,0,22.4668407234678,14.1600552390459
"117","ENSG00000249667",13.8785695627993,6.29185354197388,1.68209231164979,3.74049242030174,0.000183660085062486,0.0379972309318165,"LINC01259",21.7097627921058,28.7300854903684,91.583687552837,0,0,9.59114465732299,0,1.04958469815809,0,0,0
"118","ENSG00000088179",1734.36825923,1.56072068972514,0.417711944795157,3.73635637949138,0.000186706007171769,0.0383000475389816,"PTPN4",2205.25485204022,2281.72485410603,5109.33783657447,1740.59703844866,1325.24574103466,2212.93864911688,806.833299596372,417.734709866919,1084.67651273315,780.212105124063,1113.49525288861
"119","ENSG00000127152",1520.41812027196,1.37971057177242,0.37005265882473,3.72841685870956,0.000192686457493611,0.0387290898742317,"BCL11B",1433.9869633733,2505.07809936986,2858.44298052235,1493.36020001092,2517.30648650022,1859.81014127908,892.034896033749,911.03951800122,315.888247567899,942.586090352762,995.065699980222
"120","ENSG00000162399",12.0438191025437,-4.21920208493684,1.1332520278397,-3.7230924642419,0.000196797407854685,0.0387290898742317,"BSND",5.71309547160678,0,2.57982218458696,0,0,0,28.4005321457923,20.9916939631617,45.6705900098168,26.5517208550074,2.57455549800834
"121","ENSG00000174684",22.3842950684569,2.37233772666849,0.636913048946163,3.72474348043861,0.000195513929533788,0.0387290898742317,"B4GAT1",23.9950009807485,22.2426468312529,64.4955546146739,34.7870928455122,34.1217757243144,32.2611229382682,15.4911993522503,5.24792349079044,0,7.1485402301943,6.43638874502084
"122","ENSG00000225422",502.323288785519,-1.99318384941993,0.534190294056232,-3.73122438126911,0.000190551408314321,0.0387290898742317,NA,250.233581656377,134.38265793882,67.0753767992609,203.752972380857,390.749367165535,234.547082983626,491.845579433948,1997.35968059484,496.033352606621,812.89114617638,446.685378904447
"123","ENSG00000279629",7.38250129038036,-6.6780298577594,1.79333315235453,-3.72380884666721,0.000196239532283084,0.0387290898742317,NA,0,0,0,0,0,0,10.3274662348336,1.04958469815809,65.9686300141798,0,3.86183324701251
"124","ENSG00000089012",70.473896654772,2.83387728496228,0.762451948730641,3.71679459889929,0.000201766344909996,0.0391202799392662,"SIRPG",63.9866692819959,133.455880987518,274.106107112364,73.3013742101864,126.580780912779,22.6699782809452,30.9823987045007,8.3966775852647,0,27.5729408878923,14.1600552390459
"125","ENSG00000105205",209.121052667976,6.58266144523837,1.77467811105243,3.70921431004448,0.000207903398810298,0.0391202799392662,"CLC",1036.35551854947,626.501219080291,590.134324724266,0,27.5175610679955,0,3.87279983806258,2.09916939631617,0,6.1273201973094,7.72366649402501
"126","ENSG00000141551",4922.68974667627,-1.60491385109983,0.433268769424343,-3.70419925080725,0.000212059531218104,0.0391202799392662,"CSNK1D",3760.35943941158,2738.62589109802,1143.50618331817,1429.37679709864,3671.94334891331,2576.53022385358,7598.43328227879,12387.1986076617,9750.67096709588,4814.03123501942,4278.91123768986
"127","ENSG00000157335",8.14993976003877,-4.17597016790976,1.12525105820747,-3.71114529282213,0.000206323630946414,0.0391202799392662,"CLEC18C",2.28523818864271,0,1.28991109229348,1.86359425958101,0,0,14.2002660728961,3.14875409447426,50.7451000109075,12.2546403946188,3.86183324701251
"128","ENSG00000184428",142.054303020792,-1.59510617623232,0.430551914892966,-3.70479405864182,0.000211562548741198,0.0391202799392662,"TOP1MT",34.2785728296407,84.3367025685007,68.3652878915544,86.3465340272535,86.9554929748656,83.7045351911824,109.729328745107,355.809212675592,339.99217007308,181.777165853512,131.302330398425
"129","ENSG00000233621",34.3915063788367,-1.98220419140574,0.534004143086691,-3.71196406819627,0.000205657187697697,0.0391202799392662,"LITATS1",14.8540482261776,5.56066170781323,17.413799745962,18.0147445092831,11.0070244271982,20.9261337977956,33.5642652632091,23.0908633594779,98.9529450212697,89.8673628938712,45.0547212151459
"130","ENSG00000248905",1320.7392340141,-2.45651239434181,0.662624690147265,-3.70724549034818,0.000209525813702765,0.0391202799392662,"FMN1",525.604783387824,327.152263809679,750.728255714805,428.626679703633,430.374655103449,143.867169859845,695.813037571911,3020.70476129897,1683.46869286186,6243.73928105828,278.0519937849
"131","ENSG00000255479",6.31047922001925,-5.96132289155194,1.60567655067796,-3.71265488621286,0.00020509646875874,0.0391202799392662,NA,0,0,0.644955546146739,0,0,0,21.9458657490213,1.04958469815809,0,36.7639211838564,9.01094424302918
"132","ENSG00000256278",6.93624082483317,-4.70565865965088,1.2708777032248,-3.70268409596804,0.000213330453275351,0.0391202799392662,NA,1.14261909432136,0.926776951302206,1.28991109229348,0,0,0,2.58186655870839,5.24792349079044,52.0137275111802,4.0848801315396,9.01094424302918
"133","ENSG00000115286",58.3150928578488,-1.67633580008692,0.453117738761491,-3.69955898144454,0.000215974444760548,0.0393073489464197,"NDUFS7",19.424524603463,25.0229776851596,20.6385774766957,32.3023004994042,25.3161561825558,52.315334494489,76.1650634818975,140.644349553184,35.5215700076353,102.12200328849,111.993164163363
"134","ENSG00000253372",216.606449873054,-2.495438551358,0.676336076703608,-3.68964282301857,0.000224569124969605,0.0405665689478676,NA,76.5554793195308,81.5563717145941,26.4431773920163,50.9382430952143,92.4590051884647,90.679913123781,161.366659919274,1326.67505847182,65.9686300141798,195.053026281016,214.975384083696
"135","ENSG00000080603",203.490165152581,-1.3375334431706,0.362699798390411,-3.68771487909919,0.000226276990142917,0.0405723023955515,"SRCAP",82.2685747911376,89.897364276314,76.749709991462,126.724409651509,215.737678773084,129.916413994648,268.514122105673,391.495092412966,367.90197507908,242.029147793721,247.1573278088
"136","ENSG00000177947",41.184109961068,-2.26906971606092,0.616016693658332,-3.68345491188822,0.000230093998234171,0.0409533479504143,"CIMAP1A",10.2835718488922,12.0481003669287,10.9642442844946,14.2875559901211,22.0140488543964,20.9261337977956,63.2557306883555,196.272338555562,58.3568650125437,21.4456206905829,23.170999482075
"137","ENSG00000136573",618.122030845497,-2.55941911574854,0.695881636490068,-3.6779517974607,0.000235114376880033,0.0415414496843655,"BLK",73.1276220365668,257.643992462013,301.194240050527,323.644203080569,55.0351221359909,138.635636410396,171.694126154108,1856.71533104166,2355.84126800638,1050.83541383856,214.975384083696
"138","ENSG00000288827",41.3595220183374,-4.66652342171943,1.27235905719071,-3.66761520291513,0.000244823254388922,0.0429434180850597,NA,4.57047637728542,7.41421561041764,0,0,0,8.71922241574817,263.350388988256,80.8180217581727,0,64.3368620717487,25.7455549800834
"139","ENSG00000158882",370.308719102844,-1.53309303248158,0.418510704017655,-3.66321104278591,0.000249073160426795,0.0433319686865202,"TOMM40L",157.681435016347,140.870096597935,97.3882874681576,172.07186996798,330.210732815945,296.453562135438,655.794105911931,765.147244957245,280.366677560264,480.994635488788,696.417262211255
"140","ENSG00000167874",125.616572085306,-2.2869844274665,0.625023037608355,-3.65904021108985,0.00025316161871464,0.0433319686865202,"TMEM88",54.8457165274251,36.144301100786,4.51468882302717,36.6506871050932,118.87586381374,22.6699782809452,384.69811724755,143.793103647658,218.203930046902,223.647187201793,137.738719143446
"141","ENSG00000186642",186.394005065818,-2.93109795266102,0.801286039288124,-3.65799203897906,0.000254198940489377,0.0433319686865202,"PDE2A",55.9883356217464,48.1924014677147,5.80459991532065,13.0451598170671,115.573756485581,40.9803453540164,321.442386559195,1145.09690569047,55.8196100119983,128.673724143497,119.716830657388
"142","ENSG00000233077",28.9635137263325,-4.11084027594093,1.12372164361503,-3.65823716157703,0.000253955998854646,0.0433319686865202,"LINC01271",11.4261909432136,1.85355390260441,0,0,0,7.84730017417335,167.821326316045,55.6279890023786,40.596080008726,5.1061001644245,28.3201104780917
"143","ENSG00000092010",1565.62812996261,1.4273856573067,0.390712895611847,3.65328524688556,0.00025890633695078,0.0438257817638503,"PSME1",3126.20584206323,3572.72514727,2507.58716341852,1657.35649485405,1227.2832236326,1056.76975678868,811.997032713788,629.750818894852,800.503952672066,741.405743874437,1090.32425340653
"144","ENSG00000158578",616.19904216111,5.30082710021795,1.4522552914909,3.6500656126211,0.000262173330971577,0.0440706086770694,"ALAS2",1368.85767499698,4701.53947395609,176.717819644207,9.93916938443206,321.405113274187,59.2907124270875,5.16373311741678,10.4958469815809,0,10.212200328849,114.567719661371
"145","ENSG00000113088",44.1094958112779,2.5801044495617,0.707216003149061,3.64825518380965,0.000264027327383896,0.0440761757700316,"GZMK",35.421191923962,101.945464643243,109.642442844946,94.4221091521046,70.4449563340684,13.9507558651971,23.2367990283755,11.545431679739,0,14.2970804603886,10.2982219920333
"146","ENSG00000125741",472.805647714514,-1.22409190882517,0.336110065714747,-3.6419376677164,0.000270593600998648,0.0448629363409129,"OPA3",210.241913355129,251.156553802898,240.568418712734,237.918867139842,417.166225790811,408.059609057014,894.616762592457,463.916436585874,578.494140124346,571.883218415544,926.839979283001
"147","ENSG00000076770",1457.77906083866,1.21138455764676,0.333276906492862,3.63476896852648,0.000278229853025894,0.0451679028961808,"MBNL3",1833.90364638578,2664.48373499384,2829.41998094575,2019.51497929929,1260.30429691419,1184.0704040586,826.197298786685,658.089605745121,701.551007650797,1108.02373568012,950.010978765077
"148","ENSG00000120915",80.7048316357936,2.47408623555541,0.680960814240324,3.63322849687832,0.000279896944328973,0.0451679028961808,"EPHX2",73.1276220365668,262.277877218524,248.952840812641,73.9225722967135,72.646361219508,40.9803453540164,33.5642652632091,20.9916939631617,1.26862750027269,26.5517208550074,33.4692214741084
"149","ENSG00000277117",98.6656749659399,-2.03598715210763,0.560213764393383,-3.63430404876299,0.000278732004120181,0.0451679028961808,"LOC102723996",26.2802391693912,75.0689330554787,30.3129106688967,67.7105914314434,24.215453739836,21.7980560393704,77.4559967612517,416.685125168761,116.713730025087,128.673724143497,100.407664422325
"150","ENSG00000288970",5.20028150480576,4.2483221048261,1.16803709599375,3.63714655929799,0.000275675088471998,0.0451679028961808,NA,5.71309547160678,7.41421561041764,6.44955546146739,10.5603674709591,9.90632198447836,14.8226781067719,0,1.04958469815809,0,0,1.28727774900417
"151","ENSG00000102221",127.529944201577,-2.69460917460761,0.742890308737082,-3.62719656309484,0.000286515178120827,0.0454960325064411,"JADE3",21.7097627921058,25.0229776851596,38.6973327688044,58.3926201335384,22.0140488543964,53.1872567360638,41.3098649393342,787.188523618565,209.323537544994,121.525183913303,24.4582772310792
"152","ENSG00000165929",1324.16077401837,1.94866163479836,0.5373767873007,3.62624825048118,0.000287568907439705,0.0454960325064411,"TC2N",1409.99196239255,1678.39305880829,5901.34324724266,888.934461820142,1012.64624730223,1088.15895748537,455.699447612031,335.867103410588,394.543152584806,777.148445025409,623.042430518018
"153","ENSG00000169032",1784.30684344317,-1.59600182459694,0.439728376597955,-3.6295174692721,0.000283951515258955,0.0454960325064411,"MAP2K1",910.66741817412,755.323215311298,606.258213377935,1279.0468601591,1102.90384760526,923.365653827731,1243.16874801809,5823.09590538107,2537.25500054538,3083.06327927951,1363.22713619541
"154","ENSG00000145649",304.672266212409,1.89412866448511,0.522712063941678,3.62365591909593,0.000290467966251811,0.0456562830590347,"GZMA",230.809057052914,345.687802835723,523.703903471152,485.776903664117,799.109973414588,352.256585596226,123.929594818003,20.9916939631617,97.684317520997,160.331545162929,211.113550836684
"155","ENSG00000173114",159.677313215982,2.35529419032856,0.651335503345444,3.61609981066762,0.000299075098071022,0.0461109033369883,"LRRN3",89.1242893570657,196.476713676068,886.813875951767,178.905048919777,84.754088089426,74.1133905338594,40.01893165998,35.685879737375,48.2078450103622,54.1246617428997,68.2257206972209
"156","ENSG00000236521",20.098315609072,-2.38169461816016,0.658375941054027,-3.61752984829183,0.000297428039595281,0.0461109033369883,"NPAP1P4",6.85571456592813,3.70710780520882,9.02937764605435,12.4239617305401,0,8.71922241574817,23.2367990283755,38.8346338318492,50.7451000109075,52.0822216771299,15.44733298805
"157","ENSG00000280407",188.193202197627,-2.47562027763829,0.684287133846166,-3.61780918446266,0.000297107305129742,0.0461109033369883,NA,99.4078612059579,108.432903302358,11.6091998306413,6.83317895179704,79.2505758758269,62.7784013933868,415.680515952051,733.659704012503,210.592165045266,155.225444998505,186.655273605604
"158","ENSG00000167664",47.1716176570043,2.75993499430106,0.763965597928703,3.61264303233538,0.000303091821825361,0.0463508722153341,"TMIGD2",65.1292883763173,119.554226717985,149.629686706044,62.1198086527004,52.8337172505513,13.0788336236223,11.6183995141878,6.29750818894852,0,29.6153809536621,9.01094424302918
"159","ENSG00000279744",54.2890892362899,-3.42954181117332,0.949623756722161,-3.61147432011511,0.000304461236149638,0.0463508722153341,NA,11.4261909432136,18.5355390260441,0.644955546146739,8.69677321137805,12.107726869918,8.71922241574817,223.331457328276,215.164863122408,0,36.7639211838564,61.7893319522001
"160","ENSG00000109452",659.542380128806,2.15220436769906,0.597815826896443,3.60011272848398,0.000318079250750865,0.0466631899616693,"INPP4B",999.791707531186,1609.81156441193,2026.45032599306,423.03589692489,548.14981647447,502.227211147094,321.442386559195,107.057639212125,43.1333350092714,323.726750424513,350.139547729134
"161","ENSG00000167447",223.775033243345,1.38017679448253,0.383295629825966,3.60081536830773,0.000317220792619772,0.0466631899616693,"SMG8",191.960007845988,382.758880887811,486.941437340788,391.354794512012,186.018712819649,224.955938326303,121.347728259294,91.3138687397536,82.4607875177247,133.779824307922,168.633385119546
"162","ENSG00000170915",276.315080444089,2.22141000639095,0.616300618119318,3.60442605618299,0.000312843498570116,0.0466631899616693,"PAQR8",382.777396597654,263.204654169826,1182.20351608697,424.278293097944,132.084293126378,193.566737629609,193.639991903129,27.2892021521103,100.221572521542,74.5490624005977,65.6511651992126
"163","ENSG00000246084",29.5130416053122,2.31145056288732,0.641966745202987,3.60057679024551,0.000317512034576685,0.0466631899616693,"LINC02325",45.7047637728542,37.9978550033904,101.902976291185,28.5751119802422,29.7189659534351,34.0049674214179,16.7821326316045,9.44626228342278,0,10.212200328849,10.2982219920333
"164","ENSG00000268041",111.895202379747,-1.82373454429884,0.50551639180171,-3.60766648495586,0.000308963285823679,0.0466631899616693,"ERFL",31.993334640998,43.5585167112037,38.0523772226576,19.2571406823371,56.1358245787107,122.941036062049,116.183995141878,261.346589841364,267.680402557537,150.11934483408,123.5786639044
"165","ENSG00000285570",13.6839817570898,-4.06478120415109,1.12827342977724,-3.60265614422349,0.000314982076448397,0.0466631899616693,NA,3.42785728296407,2.78033085390662,3.86973327688044,0,0,0,11.6183995141878,17.8429398686875,98.9529450212697,8.1697602630792,3.86183324701251
"166","ENSG00000229719",82.930282567799,-3.44771853048704,0.958642593099345,-3.59645873791229,0.000322578724034488,0.04703819634927,"MIR194-2HG",30.8507155466766,37.9978550033904,1.28991109229348,0,16.5105366407973,4.35961120787408,262.059455708902,322.222502334533,169.99608503654,29.6153809536621,37.3310547211209
"167","ENSG00000228010",8.10784747952259,-4.39791656661512,1.22434293162285,-3.5920626917703,0.000328070897174039,0.0475525996227233,NA,0,0.926776951302206,1.93486663844022,0,0,1.74384448314963,6.45466639677097,19.9421092650037,52.0137275111802,1.0212200328849,5.14911099601667
"168","ENSG00000137193",1954.27005022394,1.54308335680622,0.429822607075568,3.59004699009451,0.000330618354834367,0.0476365946257183,"PIM1",2664.5877279574,6010.1485291948,3319.58619601727,1380.92334634953,2049.5079483443,1292.18876201388,1006.92795789627,1130.40271991626,815.727482675339,1031.43223321375,795.537648884576
"169","ENSG00000260932",20.025130695088,-1.74609263002524,0.487748374845834,-3.57990455750292,0.000343719726689113,0.0492312408534715,NA,10.2835718488922,6.48743865911544,7.09451100761413,11.8027636440131,5.50351221359909,16.5665225899215,33.5642652632091,23.0908633594779,50.7451000109075,25.5305008221225,29.6073882270959
"170","ENSG00000134070",551.985196626806,-2.198386570051,0.614462437461332,-3.57773955904237,0.000346578527444075,0.0493487049135957,"IRAK2",227.38119976995,328.079040760981,176.07286409806,101.255288103902,200.327844575007,225.827860567878,219.458657490213,2704.77976715339,266.411775057265,517.758556672644,1104.48430864558
